Executing action: monitor
Running idf_monitor in directory '/Users/sampathbageyawadi/Documents/My Projects/AIP CSI ROOM MAPPING'
Executing "/Users/sampathbageyawadi/.espressif/tools/python/v5.3.5/venv/bin/python /Users/sampathbageyawadi/.espressif/v5.3.5/esp-idf/tools/idf_monitor.py -p /dev/cu.usbserial-110 -b 115200 --toolchain-prefix xtensa-esp32-elf- --target esp32 --revision 0 '/Users/sampathbageyawadi/Documents/My Projects/AIP CSI ROOM MAPPING/build/fast_scan.elf' -m '/Users/sampathbageyawadi/.espressif/tools/python/v5.3.5/venv/bin/python' '/Users/sampathbageyawadi/.espressif/v5.3.5/esp-idf/tools/idf.py' '-p' '/dev/cu.usbserial-110'"...
ets Jul 29 2019 12:21:46

rst:0x1 (POWERON_RESET),boot:0x13 (SPI_FAST_FLASH_BOOT)
configsip: 0, SPIWP:0xee
clk_drv:0x00,q_drv:0x00,d_drv:0x00,cs0_drv:0x00,hd_drv:0x00,wp_drv:0x00
mode:DIO, clock div:2
load:0x3fff0030,len:7176
load:0x40078000,len:15660
ho 0 tail 12 room 4
load:0x40080400,len:4
load:0x40080404,len:3904
entry 0x40080640
[0;32mI (31) boot: ESP-IDF v5.3.5 2nd stage bootloader[0m
[0;32mI (31) boot: compile time Oct  4 2026 16:01:09[0m
[0;32mI (31) boot: Multicore bootloader[0m
[0;32mI (35) boot: chip revision: v3.1[0m
[0;32mI (39) boot.esp32: SPI Speed      : 40MHz[0m
[0;32mI (44) boot.esp32: SPI Mode       : DIO[0m
[0;32mI (48) boot.esp32: SPI Flash Size : 2MB[0m
[0;32mI (53) boot: Enabling RNG early entropy source...[0m
[0;32mI (58) boot: Partition Table:[0m
[0;32mI (62) boot: ## Label            Usage          Type ST Offset   Length[0m
[0;32mI (69) boot:  0 nvs              WiFi data        01 02 00009000 00006000[0m
[0;32mI (77) boot:  1 phy_init         RF data          01 01 0000f000 00001000[0m
[0;32mI (84) boot:  2 factory          factory app      00 00 00010000 00100000[0m
[0;32mI (92) boot: End of partition table[0m
[0;32mI (96) esp_image: segment 0: paddr=00010020 vaddr=3f400020 size=1a964h (108900) map[0m
[0;32mI (142) esp_image: segment 1: paddr=0002a98c vaddr=3ffb0000 size=043bch ( 17340) load[0m
[0;32mI (148) esp_image: segment 2: paddr=0002ed50 vaddr=40080000 size=012c8h (  4808) load[0m
[0;32mI (150) esp_image: segment 3: paddr=00030020 vaddr=400d0020 size=865a0h (550304) map[0m
[0;32mI (344) esp_image: segment 4: paddr=000b65c8 vaddr=400812c8 size=16e30h ( 93744) load[0m
[0;32mI (393) boot: Loaded app from partition at offset 0x10000[0m
[0;32mI (394) boot: Disabling RNG early entropy source...[0m
[0;32mI (406) cpu_start: Multicore app[0m
[0;32mI (414) cpu_start: Pro cpu start user code[0m
[0;32mI (414) cpu_start: cpu freq: 160000000 Hz[0m
[0;32mI (414) app_init: Application information:[0m
[0;32mI (417) app_init: Project name:     fast_scan[0m
[0;32mI (422) app_init: App version:      662855d-dirty[0m
[0;32mI (428) app_init: Compile time:     Oct  5 2026 14:01:42[0m
[0;32mI (434) app_init: ELF file SHA256:  b97451eb6...[0m
[0;32mI (439) app_init: ESP-IDF:          v5.3.5[0m
[0;32mI (444) efuse_init: Min chip rev:     v0.0[0m
[0;32mI (449) efuse_init: Max chip rev:     v3.99 [0m
[0;32mI (454) efuse_init: Chip rev:         v3.1[0m
[0;32mI (459) heap_init: Initializing. RAM available for dynamic allocation:[0m
[0;32mI (466) heap_init: At 3FFAE6E0 len 00001920 (6 KiB): DRAM[0m
[0;32mI (472) heap_init: At 3FFB8AC8 len 00027538 (157 KiB): DRAM[0m
[0;32mI (478) heap_init: At 3FFE0440 len 00003AE0 (14 KiB): D/IRAM[0m
[0;32mI (484) heap_init: At 3FFE4350 len 0001BCB0 (111 KiB): D/IRAM[0m
[0;32mI (491) heap_init: At 400980F8 len 00007F08 (31 KiB): IRAM[0m
[0;32mI (498) spi_flash: detected chip: generic[0m
[0;32mI (501) spi_flash: flash io: dio[0m
[0;33mW (505) spi_flash: Detected size(4096k) larger than the size in the binary image header(2048k). Using the size in the binary image header.[0m
[0;32mI (520) main_task: Started on CPU0[0m
[0;32mI (530) main_task: Calling app_main()[0m
[0;32mI (570) wifi:wifi driver task: 3ffc0870, prio:23, stack:6656, core=0[0m
[0;32mI (580) wifi:wifi firmware version: 18db208[0m
[0;32mI (580) wifi:wifi certification version: v7.0[0m
[0;32mI (580) wifi:config NVS flash: enabled[0m
[0;32mI (580) wifi:config nano formating: disabled[0m
[0;32mI (590) wifi:Init data frame dynamic rx buffer num: 32[0m
[0;32mI (590) wifi:Init static rx mgmt buffer num: 5[0m
[0;32mI (600) wifi:Init management short buffer num: 32[0m
[0;32mI (600) wifi:Init dynamic tx buffer num: 32[0m
[0;32mI (610) wifi:Init static rx buffer size: 2212[0m
[0;32mI (610) wifi:Init static rx buffer num: 10[0m
[0;32mI (610) wifi:Init dynamic rx buffer num: 32[0m
[0;32mI (620) wifi_init: rx ba win: 6[0m
[0;32mI (620) wifi_init: accept mbox: 6[0m
[0;32mI (620) wifi_init: tcpip mbox: 32[0m
[0;32mI (630) wifi_init: udp mbox: 6[0m
[0;32mI (630) wifi_init: tcp mbox: 6[0m
[0;32mI (640) wifi_init: tcp tx win: 5744[0m
[0;32mI (640) wifi_init: tcp rx win: 5744[0m
[0;32mI (640) wifi_init: tcp mss: 1440[0m
[0;32mI (650) wifi_init: WiFi IRAM OP enabled[0m
[0;32mI (650) wifi_init: WiFi RX IRAM OP enabled[0m
[0;33mW (660) wifi:Password length matches WPA2 standards, authmode threshold changes from OPEN to WPA2[0m
[0;32mI (670) phy_init: phy_version 4863,a3a4459,Oct 28 2025,14:30:06[0m
[0;32mI (760) wifi:mode : sta (b0:3f:d3:5a:ae:d0)[0m
[0;32mI (760) wifi:enable tsf[0m
[0;32mI (760) main_task: Returned from app_main()[0m
[0;32mI (770) wifi:new:<3,0>, old:<1,0>, ap:<255,255>, sta:<3,0>, prof:6, snd_ch_cfg:0x0[0m
[0;32mI (770) wifi:state: init -> auth (0xb0)[0m
[0;32mI (790) wifi:state: auth -> assoc (0x0)[0m
[0;32mI (800) wifi:state: assoc -> run (0x10)[0m
[0;32mI (820) wifi:<ba-add>idx:0 (ifx:0, 78:8c:b5:71:15:e2), tid:5, ssn:0, winSize:64[0m
[0;32mI (910) wifi:connected with T2-1210, aid = 3, channel 3, BW20, bssid = 78:8c:b5:71:15:e2[0m
[0;32mI (910) wifi:security: WPA2-PSK, phy: bgn, rssi: -53[0m
[0;32mI (920) wifi:pm start, type: 1[0m

[0;32mI (920) wifi:dp: 1, bi: 102400, li: 3, scale listen interval from 307200 us to 307200 us[0m
[0;32mI (940) wifi:AP's beacon interval = 102400 us, DTIM period = 1[0m
[0;32mI (2430) scan: got ip:192.168.0.102[0m
[0;32mI (2430) gpio: GPIO[21]| InputEn: 1| OutputEn: 1| OpenDrain: 1| Pullup: 1| Pulldown: 0| Intr:0 [0m
[0;32mI (2430) gpio: GPIO[22]| InputEn: 1| OutputEn: 1| OpenDrain: 1| Pullup: 1| Pulldown: 0| Intr:0 [0m
[0;32mI (2430) csi: CSI streaming on[0m
[0;32mI (2440) esp_netif_handlers: sta ip: 192.168.0.102, mask: 255.255.255.0, gw: 192.168.0.1[0m
[0;32mI (2440) oled: OLED found at 0x3C on SDA=21 SCL=22 (reset=-1)[0m
CSI_DATA,0,1947,-50,128,[[0;32mI (2460) oled: tip: set these pins in menuconfig to skip the scan at boot[0m
37,80,2,0,-18,31,-15,27,-12,22,-12,16,-11,11,-13,5,-15,0,-18,-3,-21,-6,-25,-7,-27,-8,-30,-7,-32,-6,-31,-4,-31,-2,-28,-1,-24,1,-21,1,-16,1,-12,0,-8,-1,-4,-3,-1,-6,1,-9,4,-11,0,0,0,0,0,0,0,0,0,0,0,0,0,0,0,0,0,0,0,0,0,0,4,-5,4,-1,4,2,5,7,7,11,9,14,11,18,13,20,16,22,20,24,22,24,23,23,22,20,20,18,18,16,14,13,9,11,4,10,-1,11,-7,12,-12,15,-18,19,-20,22,-23,27,-24,32,-23,33]
CSI_DATA,1,1950,-47,128,[83,-80,4,0,-9,-17,-10,-16,-10,-16,-12,-12,-8,-15,-10,-13,-9,-14,-12,-12,-11,-12,-12,-11,-12,-10,-12,-10,[0;32mI (2500) scan: calibrating: keep the room empty[0m
-12,-9,-12,-10,-12,-10,-11,-10,-11,-10,-10,MOTION,2024,-55,0.00,0
-10,-10,-10,-9,-10,-9,-10,-8,-10,-8,-10,-7,-10,-6,-10,0,0,0,0,0,0,0,0,0,0,0,0,0,0,0,0,0,0,0,0,0,0,-9,-8,-8,-9,-8,-9,-8,-10,-8,-11,-8,-12,-7,-12,-8,-13,-7,-14,-8,-14,-7,-15,-7,-16,-6,-16,-6,-16,-5,-16,-7,-17,-6,-17,-7,-17,-7,-17,-8,-17,-6,-18,-7,-18,-7,-18,-7,-19,-8,-18,-9,-17]
CSI_DATA,2,1964,-47,128,[83,-80,4,0,-15,24,-18,21,-15,23,-13,24,-12,24,-13,23,-12,23,-12,23,-9,23,-7,24,-6,24,-7,23,-7,23,-7,23,-6,22,-7,22,-6,22,-7,20,-8,19,-11,17,-12,16,-12,16,-12,15,-12,14,-12,13,0,0,0,0,0,0,0,0,0,0,0,0,0,0,0,0,0,0,0,0,0,0,-4,15,-6,15,-7,16,-8,17,-7,18,-8,18,-9,19,-11,18,-12,19,-13,20,-14,20,-15,20,-14,20,-15,20,-17,19,-18,17,-15,20,-16,20,-18,19,-18,21,-17,22,-16,22,-13,25,-14,25,-9,28,-12,27]
CSI_DATA,3,1991,-44,128,[83,-80,4,0,-26,-21,-20,-15,-25,-19,-21,-10,-23,-11,-24,-12,-24,-11,-25,-10,-27,-9,-25,-5,-24,-7,-24,-9,-20,-9,-24,-14,-19,-11,-23,-12,-17,-9,-19,-13,-18,-14,-18,-12,-16,-14,-17,-14,-14,-12,-13,-14,-11,-14,0,0,0,0,0,0,0,0,0,0,0,0,0,0,0,0,0,0,0,0,0,0,-16,-5,-13,-5,-18,-7,-14,-6,-18,-9,-15,-7,-16,-10,-18,-11,-18,-13,-21,-13,-20,-11,-21,-13,-20,-13,-20,-14,-17,-14,MOTION,2122,-55,0.00,0
-22,-19,-17,-16,-21,-20,-16,-15,-18,-19,-20,-18,-22,-18,-27,-18,-25,-15,-25,-17,-23,-18]
CSI_DATA,4,2003,-46,128,[83,-80,4,0,-7,-29,-11,-26,-13,-25,-11,-23,-16,-21,-15,-21,-15,-20,-15,-21,-15,-21,-12,-23,-12,-21,-12,-21,-15,-18,-15,-19,-13,-19,-14,-18,-12,-17,-16,-16,-14,-15,-15,-15,-12,-15,-10,-16,-7,-17,-6,-17,-7,-16,0,0,0,0,0,0,0,0,0,0,0,0,0,0,0,0,0,0,0,0,0,0,-9,-13,-10,-12,-7,-16,-9,-16,-7,-18,-6,-19,-8,-19,-5,-21,-2,-21,0,-23,2,-25,-2,-25,-3,-24,-4,-24,-7,-22,-8,-26,-5,-26,0,-26,-2,-25,-6,-26,-5,-26,-8,-27,-6,-29,-3,-30,-6,-29,-8,-28]
CSI_DATA,5,2016,-47,128,[83,-80,4,0,25,1,25,-1,25,-2,24,-1,24,-1,23,-2,23,-3,22,-4,22,-5,22,-6,21,-6,21,-6,21,-6,21,-6,21,-6,21,-5,21,-4,20,-3,20,-2,19,-1,19,-1,19,0,18,1,18,2,17,2,0,0,0,0,0,0,0,0,0,0,0,0,0,0,0,0,0,0,0,0,0,0,14,-3,15,-1,15,-1,16,-1,17,1,18,1,18,2,19,2,19,4,21,3,21,5,22,5,21,6,21,7,21,7,21,8,21,8,22,6,22,5,23,7,23,6,23,7,24,7,25,4,26,2,26,2]
CSI_DATA,6,2050,-47,128,[83,-80,4,0,13,-13,13,-14,12,-13,13,-14,11,-13,11,-13,10,-14,8,-14,7,-15,8,-14,9,-14,8,-14,7,-14,7,-14,7,-14,6,-14,7,-13,6,-13,8,-12,8,-12,7,-11,7,-10,9,-9,9,-8,9,-7,0,0,0,0,0,0,0,0,0,0,0,0,0,0,0,0,0,0,0,0,0,0,6,-8,6,-8,7,-8,8,-9,8,-9,MOTION,2222,-53,0.00,0
9,-9,9,-9,10,-9,10,-9,11,-9,12,-9,13,-9,13,-9,14,-9,14,-9,13,-9,14,-9,14,-9,15,-9,16,-9,15,-10,15,-10,15,-11,15,-12,15,-13,15,-12]
CSI_DATA,7,2068,-47,128,[83,-80,4,0,-9,24,-8,24,-4,24,1,24,-4,23,-7,20,-4,22,0,22,0,21,1,21,1,21,-1,20,-1,20,2,20,0,21,0,20,-1,20,-1,19,-1,18,-2,18,-3,17,-4,17,-4,16,-7,15,-6,15,0,0,0,0,0,0,0,0,0,0,0,0,0,0,0,0,0,0,0,0,0,0,-1,14,-2,15,-4,15,-4,17,-6,17,-5,18,-7,18,-8,19,-7,19,-11,19,-12,19,-13,19,-13,18,-13,19,-16,19,-15,18,-15,19,-15,19,-16,19,-20,14,-18,17,-21,12,-14,22,-20,17,-10,23,-15,21]
CSI_DATA,8,2090,-47,128,[83,-80,4,0,16,6,17,5,17,2,16,4,16,3,16,2,15,5,16,2,15,0,15,-1,15,-2,15,-1,15,-1,14,0,14,0,14,0,14,1,13,1,13,1,13,2,12,2,12,3,11,3,11,4,10,5,0,0,0,0,0,0,0,0,0,0,0,0,0,0,0,0,0,0,0,0,0,0,10,0,11,1,11,2,12,1,12,2,12,3,12,5,13,4,13,5,14,5,15,6,14,6,14,7,13,9,13,8,15,6,14,8,13,9,14,8,14,10,13,11,14,10,16,9,17,8,17,8,17,7]
CSI_DATA,9,2101,-43,128,[83,-80,4,0,11,3,11,2,11,2,10,3,10,2,10,1,10,0,10,0,10,-1,10,-2,9,-2,10,0,9,-1,9,-1,9,-1,9,-1,9,0,8,0,8,0,8,0,8,1,7,1,7,1,7,2,7,3,0,0,0,0,0,0,0,0,0,0,0,0,0,0,0,0,0,0,0,0,0,0,6,-1,6,0,7,0,7,0,7,1,8,1,8,1,8,2,8,2,9,3,9,3,9,4,9,4,9,5,9,5,9,4,10,5,10,4,10,4,10,4,10,4,11,4,11,4,11,4,11,4,12,4]
CSI_DATA,10,2118,-42,128,[83,-80,4,0,-8,9,-7,9,-6,10,-5,10,-4,10,-4,10,-4,9,-3,10,-3,9,-3,9,-2,9,-2,9,-2,9,-2,9,-3,9,-3,9,-3,8,-4,8,-4,8,-4,7,-5,7,-5,6,-5,6,-5,6,-6,5,0,0,0,0,0,0,0,0,0,0,0,0,0,0,0,0,0,0,0,0,0,0,-4,5,-4,5,-5,5,-5,6,-5,5,-6,6,-7,6,-7,6,-7,6,-8,6,-9,5,-9,6,-9,6,-10,5,-9,6,-9,5,-10,5,-10,6,-10,6,-10,6,-10,5,-10,5,-10,6,-11,6,-11,6,-11,6]
CSI_DATA,11,2150,-45,128,[83,-80,4,MOTION,2363,-53,0.00,0
0,11,-28,12,-27,9,-27,10,-26,11,-24,10,-23,4,-26,4,-25,-9,-23,-6,-24,-2,-24,0,-25,0,-25,1,-24,0,-25,-3,-24,0,-23,5,-22,6,-21,5,-20,5,-21,8,-20,4,-21,2,-20,8,-18,0,0,0,0,0,0,0,0,0,0,0,0,0,0,0,0,0,0,0,0,0,0,3,-17,4,-17,5,-18,6,-19,6,-20,7,-20,7,-22,10,-20,11,-21,11,-23,13,-23,14,-22,14,-22,15,-23,15,-22,16,-24,16,-23,16,-23,14,-24,18,-23,15,-25,15,-25,20,-21,15,-27,17,-26,15,-27]
CSI_DATA,12,2163,-48,128,[83,-80,4,0,-15,19,-13,20,-8,21,-7,21,-4,21,-3,21,1,20,2,20,-2,20,-5,19,0,20,-5,19,0,19,3,19,6,18,3,18,1,19,2,18,0,18,-2,18,-3,17,1,16,-1,16,-5,15,-4,16,0,0,0,0,0,0,0,0,0,0,0,0,0,0,0,0,0,0,0,0,0,0,0,15,-2,15,-3,15,-5,16,-6,16,-7,17,-7,17,-7,19,-9,19,-10,20,-10,20,-12,20,-12,19,-13,18,-14,18,-13,19,-14,19,-14,18,-13,20,-12,20,-14,20,-14,21,-13,22,-15,22,-14,22,-12,22]
CSI_DATA,13,2187,-47,128,[83,-80,4,0,9,-27,6,-26,3,-26,4,-25,3,-24,5,-23,3,-23,2,-23,0,-24,-1,-24,-2,-24,1,-24,0,-24,-1,-24,-1,-24,0,-23,1,-22,1,-22,2,-22,4,-21,5,-20,6,-19,7,-18,8,-17,8,-17,0,0,0,0,0,0,0,0,0,0,0,0,0,0,0,0,0,0,0,0,0,0,1,-16,3,-16,5,-17,5,-18,6,-18,7,-17,8,-18,8,-19,9,-20,11,-20,13,-20,14,-20,15,-18,16,-18,17,-16,18,-17,18,-14,19,-15,19,-14,20,-15,18,-17,15,-21,15,-22,MOTION,2462,-54,0.00,0
18,-21,15,-24,14,-24]
CSI_DATA,14,2200,-48,128,[83,-80,4,0,16,-22,14,-23,11,-22,8,-24,2,-23,5,-23,3,-23,4,-22,7,-21,7,-22,9,-20,9,-21,9,-21,9,-20,10,-20,12,-19,10,-19,11,-18,12,-17,12,-16,12,-16,12,-14,11,-14,11,-13,12,-12,0,0,0,0,0,0,0,0,0,0,0,0,0,0,0,0,0,0,0,0,0,0,7,-14,8,-14,9,-14,9,-15,9,-17,13,-16,11,-18,12,-18,14,-17,13,-19,16,-18,17,-17,16,-18,21,-13,18,-17,21,-15,21,-13,23,-10,25,-6,25,-1,21,7,24,4,24,3,25,-7,26,-1,23,-15]
CSI_DATA,15,2232,-49,128,[83,-80,4,0,9,-25,6,-25,0,-25,3,-24,-5,-24,-9,-22,-9,-21,-14,-20,-11,-21,-14,-19,-12,-20,-12,-20,-13,-19,-14,-19,-13,-19,-13,-20,-11,-20,-10,-19,-9,-20,-6,-21,-6,-21,-6,-20,-3,-20,-2,-20,-1,-20,0,0,0,0,0,0,0,0,0,0,0,0,0,0,0,0,0,0,0,0,0,0,-1,-18,0,-18,0,-19,2,-20,1,-21,3,-22,4,-23,4,-23,5,-23,6,-24,7,-25,10,-24,10,-23,11,-24,12,-23,12,-23,12,-23,11,-24,12,-23,7,-26,3,-26,10,-25,13,-25,12,-26,11,-25,14,-24]
CSI_DATA,16,2246,-45,128,[83,-80,4,0,1,-25,-4,-31,-7,-25,-4,-31,-1,-26,-9,-24,-2,-26,-4,-25,-10,-20,-11,-23,-12,-22,-13,-21,-10,-24,-9,-20,-9,-25,-7,-20,-8,-26,-6,-22,-6,-22,-4,-22,-3,-21,-4,-18,-5,-21,-4,-20,-1,-20,0,0,0,0,0,0,0,0,0,0,0,0,0,0,0,0,0,0,0,0,0,MOTION,2562,-54,0.00,0
0,-2,-15,-1,-19,0,-16,0,-21,1,-17,1,-23,4,-21,5,-20,5,-22,5,-20,6,-24,7,-25,7,-24,7,-24,11,-25,6,-22,7,-29,3,-24,8,-29,9,-26,13,-24,12,-26,10,-23,7,-29,7,-29,7,-29]
CSI_DATA,17,2263,-47,128,[83,-80,4,0,-27,7,-25,12,-22,9,-24,8,-17,18,-17,17,-17,15,-15,17,-14,17,-13,18,-13,18,-14,19,-11,20,-9,19,-14,17,-11,18,-12,18,-9,19,-11,16,-11,17,-12,15,-13,13,-18,7,-18,5,-17,3,0,0,0,0,0,0,0,0,0,0,0,0,0,0,0,0,0,0,0,0,0,0,-11,10,-12,10,-13,10,-15,11,-14,11,-16,11,-15,12,-16,13,-17,12,-21,9,-23,6,-23,6,-23,5,-24,4,-23,7,-24,6,-26,5,-24,5,-26,6,-24,9,-24,13,-24,13,-26,6,-29,2,-28,6,-27,8]
CSI_DATA,18,2289,-47,128,[83,-80,4,0,24,7,23,10,24,8,23,8,23,5,23,4,23,5,23,6,23,3,23,4,21,6,22,7,22,3,23,2,23,4,23,5,21,7,21,7,20,9,19,10,18,10,18,10,15,12,15,13,13,13,0,0,0,0,0,0,0,0,0,0,0,0,0,0,0,0,0,0,0,0,0,0,16,5,16,6,17,8,17,8,17,10,17,10,18,12,18,11,18,15,17,16,17,18,16,20,16,19,15,19,14,18,15,21,13,22,13,22,12,21,11,23,11,22,10,22,13,23,19,18,20,17,22,14]
CSI_DATA,19,2303,-48,128,[83,-80,4,0,-1,25,0,25,1,24,2,23,5,22,9,20,6,21,8,21,9,19,10,19,9,19,10,19,9,19,10,19,9,20,8,19,7,20,6,19,5,19,4,19,3,19,2,19,1,19,0,19,-1,18,0,0,0,0,0,0,0,0,0,0,0,0,0,0,0,0,0,0,0,0,0,0,3,14,3,16,1,17,0,18,-1,19,-2,20,-2,21,-4,20,-3,21,-4,21,-7,22,-5,23,-9,21,-9,22,-7,22,-7,24,-5,25,-6,24,-5,25,-3,25,-4,26,-6,25,-5,26,-5,27,-3,27,0,26]
CSI_DATA,20,2314,-44,128,[83,-80,4,0,-10,-5,-11,-4,-11,-2,-11,-1,-10,-1,-10,0,-9,0,-9,2,-9,2,-10,2,-10,1,-9,1,-10,1,-9,1,-9,1,-9,1,-9,1,-9,1,-9,0,-9,-1,-9,-1,-8,-1,-8,-2,-8,-2,-7,-3,0,0,0,0,0,0,0,0,0,0,0,0,0,0,0,0,0,0,0,0,0,0,-7,-1,-7,-1,-7,-2,-8,-2,-8,-2,-8,MOTION,2703,-55,0.00,0
-2,-8,-3,-8,-3,-9,-4,-9,-4,-10,-5,-10,-5,-9,-5,-9,-6,-9,-6,-9,-6,-9,-7,-9,-6,-9,-7,-9,-6,-9,-6,-10,-6,-10,-5,-11,-5,-11,-6,-10,-6]
CSI_DATA,21,2337,-50,128,[83,-80,4,0,-7,25,3,25,12,21,9,21,12,18,13,18,12,18,11,19,10,18,10,19,9,19,10,19,13,17,13,18,13,17,12,18,13,18,11,18,10,19,9,18,9,18,7,18,5,18,3,19,3,19,0,0,0,0,0,0,0,0,0,0,0,0,0,0,0,0,0,0,0,0,0,0,3,17,2,18,1,18,0,19,0,20,-1,21,-2,21,-3,23,-4,23,-5,24,-6,25,-6,26,-7,25,-10,25,-10,25,-11,24,-11,24,-11,24,-10,24,-8,25,-7,26,-6,26,-6,27,-9,27,-12,25,-14,23]
CSI_DATA,22,2364,-48,128,[83,-80,4,0,-24,-5,-22,-4,-23,-2,-22,3,-21,6,-20,6,-18,9,-17,11,-16,12,-18,9,-17,10,-18,8,-18,9,-19,8,-19,7,-21,7,-19,4,-19,4,-18,4,-18,4,-18,3,-19,2,-19,0,-18,-1,-18,-2,0,0,0,0,0,0,0,0,0,0,0,0,0,0,0,0,0,0,0,0,0,0,-15,-1,-15,-2,-17,-3,-17,-4,-18,-5,-18,-4,-19,-4,-19,-6,-20,-6,-21,-8,-21,-11,-21,-11,-20,-11,-20,-11,-19,-10,-21,-12,-18,-13,-20,-13,-20,-12,-21,-11,-21,-10,-22,-10,-22,-12,-22,-12,-22,-12,-22,-10]
CSI_DATA,23,2392,-48,128,[83,-80,4,0,-20,17,-18,18,-20,13,-18,14,-16,17,-10,19,-2,21,-3,21,-8,20,0,22,-2,21,-2,21,-1,21,3,21,1,21,MOTION,2803,-55,0.00,0
-1,21,-3,21,-3,20,-4,20,-5,20,-5,18,-7,19,-9,17,-10,16,-11,15,0,0,0,0,0,0,0,0,0,0,0,0,0,0,0,0,0,0,0,0,0,0,-9,16,-10,15,-12,14,-14,15,-17,11,-16,14,-18,14,-19,14,-20,15,-22,14,-24,14,-24,15,-22,15,-23,12,-22,13,-22,16,-24,11,-25,9,-24,10,-26,8,-24,13,-24,15,-24,16,-22,19,-22,19,-22,16]
CSI_DATA,24,2403,-49,128,[83,-80,4,0,-22,-12,-23,-4,-23,-3,-21,-6,-21,3,-20,-8,-21,-7,-22,-3,-22,-7,-22,-8,-22,-6,-22,-6,-22,-6,-22,-6,-22,-8,-22,-7,-21,-8,-20,-10,-20,-11,-19,-11,-18,-13,-16,-14,-14,-15,-13,-16,-11,-16,0,0,0,0,0,0,0,0,0,0,0,0,0,0,0,0,0,0,0,0,0,0,-14,-6,-14,-6,-15,-8,-16,-10,-16,-11,-16,-12,-16,-13,-16,-13,-15,-15,-17,-14,-16,-17,-15,-18,-15,-18,-13,-19,-15,-17,-17,-16,-10,-21,-11,-20,-6,-21,0,-21,-11,-19,-18,12,-10,-22,-20,-13,-19,-16,-24,-4]
CSI_DATA,25,2417,-48,128,[83,-80,4,0,1,24,3,23,5,22,5,21,7,20,9,18,10,18,12,18,12,16,12,17,11,17,11,17,11,17,10,19,10,19,7,19,7,20,7,18,7,19,7,18,5,18,4,17,2,18,3,18,1,17,0,0,0,0,0,0,0,0,0,0,0,0,0,0,0,0,0,0,0,0,0,0,4,16,3,16,2,17,1,18,1,19,0,20,-1,20,-2,21,-2,21,-4,22,-5,23,-7,23,-8,22,-8,22,-8,22,-8,23,-8,23,-8,23,-8,23,-7,23,-7,24,-7,24,-5,25,-6,25,-5,25,-2,24]
MOTION,2904,-54,0.00,0
CSI_DATA,26,2456,-49,128,[83,-80,4,0,-20,-15,-21,-11,-21,-11,-21,-10,-21,-7,-22,-3,-21,-5,-22,-2,-22,-2,-22,-5,-22,-4,-22,-5,-21,-6,-22,-6,-21,-8,-21,-8,-20,-11,-19,-11,-19,-11,-18,-12,-17,-13,-15,-14,-13,-14,-12,-16,-11,-16,0,0,0,0,0,0,0,0,0,0,0,0,0,0,0,0,0,0,0,0,0,0,-14,-8,-14,-9,-12,-12,-14,-13,-13,-14,-13,-15,-13,-15,-14,-16,-13,-18,-14,-18,-12,-20,-11,-21,-11,-21,-9,-22,-12,-21,-9,-23,-11,-20,-9,-23,-6,-23,-9,-22,-7,-22,-15,-19,-14,-21,-16,-20,-16,-20,-21,-14]
CSI_DATA,27,2487,-49,128,[83,-80,4,0,9,-14,11,-13,11,-12,11,-12,12,-10,11,-11,11,-11,3,-14,0,-14,-2,-15,5,-15,9,-11,7,-13,10,-10,7,-12,10,-11,9,-10,7,-12,10,-10,11,-9,10,-10,11,-8,11,-7,11,-6,11,-4,0,0,0,0,0,0,0,0,0,0,0,0,0,0,0,0,0,0,0,0,0,0,8,-7,9,-6,9,-7,10,-7,11,-6,12,-6,13,-5,13,-5,14,-4,15,-4,15,-4,15,-3,15,-3,15,-3,16,0,15,-3,14,-5,14,-4,13,-8,14,-6,16,2,16,-2,17,0,17,1,17,2,17,-4]
CSI_DATA,28,2502,-49,128,[83,-80,4,0,8,-21,3,-22,3,-21,3,-22,3,-21,0,-21,-2,-21,-5,-20,-6,-20,-5,-20,-6,-20,-6,-21,-3,-21,-5,-21,-4,-21,-5,-21,-5,-21,-4,-21,-3,-21,-1,-21,0,-21,0,-20,2,-20,3,-19,4,-18,0,0,0,0,0,0,0,0,0,0,0,0,0,0,0,0,0,0,0,0,0,0,5,-16,6,-16,7,-16,9,-17,9,-17,9,-17,11,-17,12,-18,14,-18,15,-18,16,-18,18,-18,18,-17,19,-16,19,-15,19,-15,19,-14,19,-14,20,-14,20,-15,20,-14,20,-15,19,-16,21,-14,20,-13,18,-16]
CSI_DATA,29,2511,-48,128,[83,-80,4,0,-6,14,-2,14,6,13,1,14,4,13,5,13,1,14,2,14,2,15,5,13,1,14,3,13,1,13,2,14,3,13,2,15,1,14,1,14,0,14,-2,13,-2,13,-3,13,-4,12,-4,12,-5,11,0,0,0,0,0,0,0,0,0,0,0,0,0,0,0,0,0,0,0,0,0,0,-4,9,-5,9,-5,9,-6,9,-6,10,-7,9,-7,11,-7,11,MOTION,3033,-53,0.00,0
-7,11,-11,10,-11,11,-11,11,-11,9,-12,9,-11,9,-12,10,-12,7,-14,7,-14,4,-14,6,-14,6,-14,6,-13,10,-13,10,-11,12,-10,12]
CSI_DATA,30,2519,-48,128,[83,-80,4,0,17,-17,15,-17,13,-18,10,-19,10,-19,9,-19,8,-20,5,-20,4,-21,4,-21,5,-21,7,-20,7,-20,7,-20,7,-20,9,-19,9,-19,10,-18,11,-17,12,-16,13,-16,13,-15,14,-14,14,-13,14,-12,0,0,0,0,0,0,0,0,0,0,0,0,0,0,0,0,0,0,0,0,0,0,12,-11,13,-11,14,-11,15,-11,16,-10,17,-10,18,-9,19,-9,20,-8,21,-8,22,-7,22,-7,22,-6,23,-5,23,-4,23,-4,23,-3,23,-2,23,-1,23,-1,22,-4,23,-4,24,-3,24,-8,23,-9,22,-9]
CSI_DATA,31,2538,-50,128,[83,-80,4,0,-19,14,-15,18,-12,19,-13,18,-18,14,-19,12,-19,12,-20,10,-17,14,-14,17,-11,18,-12,18,-13,17,-14,16,-15,16,-16,16,-16,14,-17,13,-16,13,-17,11,-17,11,-17,11,-17,10,-15,11,-17,6,0,0,0,0,0,0,0,0,0,0,0,0,0,0,0,0,0,0,0,0,0,0,-17,1,-17,2,-18,1,-19,-1,-20,-1,-20,-2,-21,-3,-22,-4,-22,-5,-23,-6,-23,-7,-23,-8,-23,-9,-23,-10,-22,-11,-22,-12,-22,-11,-21,-13,-22,-12,-25,-6,-24,-6,-25,-8,-26,-5,-27,-4,-25,-7,-23,-13]
CSI_DATA,32,2555,-49,128,[83,-80,4,0,1,-25,-6,-24,-8,-23,-5,-22,-6,-23,-9,-21,-9,-22,-9,-22,-11,-21,-12,-21,-10,-22,-9,-23,-8,-23,MOTION,3132,-55,0.00,0
-9,-23,-10,-23,-10,-22,-10,-22,-9,-22,-6,-23,-5,-23,-3,-23,-1,-22,1,-21,2,-21,2,-21,0,0,0,0,0,0,0,0,0,0,0,0,0,0,0,0,0,0,0,0,0,0,2,-17,3,-18,5,-18,6,-20,7,-20,7,-20,8,-21,9,-20,11,-22,13,-21,13,-21,15,-20,17,-21,18,-18,17,-17,19,-19,20,-15,21,-16,20,-16,20,-15,19,-15,18,-20,18,-19,18,-18,16,-20,12,-23]
CSI_DATA,33,2596,-47,128,[83,-80,4,0,13,-23,11,-19,10,-23,6,-20,7,-21,5,-21,6,-21,1,-23,1,-24,-1,-22,-1,-22,-1,-22,0,-21,1,-23,1,-21,2,-24,4,-19,6,-20,8,-19,9,-19,10,-18,10,-19,9,-17,10,-16,11,-14,0,0,0,0,0,0,0,0,0,0,0,0,0,0,0,0,0,0,0,0,0,0,0,-16,1,-15,3,-18,4,-17,6,-19,6,-17,9,-17,11,-17,11,-18,14,-18,13,-19,16,-17,16,-16,17,-18,16,-13,16,-20,15,-15,20,-16,16,-13,20,-13,21,-12,19,-17,17,-21,15,-20,15,-22,14,-20]
CSI_DATA,34,2607,-48,128,[83,-80,4,0,8,20,8,20,14,16,14,16,16,14,17,11,12,16,17,11,17,10,17,12,18,8,19,6,19,7,20,7,20,7,20,7,19,8,18,8,18,10,18,10,16,10,15,11,15,11,14,12,13,13,0,0,0,0,0,0,0,0,0,0,0,0,0,0,0,0,0,0,0,0,0,0,9,13,9,14,8,14,8,16,7,17,7,18,8,19,7,20,6,20,8,21,8,22,5,23,4,22,4,22,1,23,-2,23,-1,23,-1,23,-3,23,-2,23,-4,23,-5,23,-1,25,-3,23,15,17,2,23]
MOTION,3232,-54,0.00,0
CSI_DATA,35,2622,-49,128,[83,-80,4,0,-25,-1,-24,-1,-22,8,-22,6,-19,11,-18,13,-16,15,-17,14,-15,16,-17,16,-17,15,-18,14,-17,16,-18,15,-19,14,-19,14,-20,13,-20,11,-21,11,-21,9,-21,8,-22,7,-21,6,-21,4,-21,3,0,0,0,0,0,0,0,0,0,0,0,0,0,0,0,0,0,0,0,0,0,0,-16,-7,-16,-8,-16,-9,-17,-10,-17,-11,-17,-12,-18,-12,-19,-13,-18,-15,-19,-16,-19,-18,-18,-19,-16,-20,-15,-20,-14,-21,-14,-22,-14,-22,-14,-21,-15,-20,-16,-19,-16,-18,-15,-20,-15,-21,-15,-21,-16,-20,-15,-21]
CSI_DATA,36,2639,-45,128,[83,-80,4,0,2,-11,-8,-8,-8,-8,-9,-5,-10,-1,-11,-1,-10,-2,-10,0,-10,-3,-10,-4,-10,-3,-10,-4,-10,-4,-10,-5,-10,-4,-10,-4,-9,-5,-10,-4,-9,-5,-8,-6,-8,-6,-6,-7,-6,-7,-6,-8,-6,-8,0,0,0,0,0,0,0,0,0,0,0,0,0,0,0,0,0,0,0,0,0,0,-5,-6,-6,-6,-5,-7,-5,-8,-4,-8,-5,-9,-5,-9,-5,-9,-5,-10,-5,-11,-5,-11,-4,-12,-4,-11,-3,-11,-3,-12,-3,-12,-3,-12,-1,-12,-2,-12,-5,-11,-1,-12,0,-12,-4,-12,-1,-13,0,-13,0,-12]
CSI_DATA,37,2663,-49,128,[83,-80,4,0,20,12,18,12,22,4,22,3,21,-3,18,-11,18,-11,20,-9,18,-12,21,-6,22,-6,22,-6,21,-8,21,-8,21,-9,22,-4,22,-2,22,0,21,-1,20,2,20,-2,20,0,20,0,19,4,19,4,0,0,0,0,0,0,0,0,0,0,0,0,0,0,0,0,0,0,0,0,0,0,16,4,16,6,17,6,18,7,18,9,18,10,18,11,19,12,19,13,20,13,19,16,19,17,19,15,18,16,16,17,16,18,15,18,15,19,14,19,14,20,15,19,18,17,17,19,15,20,18,17,19,16]
CSI_DATA,38,2684,-48,128,[83,-80,4,0,-7,-25,-10,-22,-14,-19,-21,-9,-21,-7,-21,-4,-22,-4,-22,-6,-21,-4,-22,-2,-21,-2,-22,-2,-21,4,-22,1,-23,-2,-23,-3,-22,-6,-21,-9,-22,-9,-20,-10,-20,-9,-19,-10,-19,-10,-16,-13,-15,-15,0,0,0,0,0,0,0,0,0,0,0,0,0,0,0,0,0,0,0,0,MOTION,3363,-55,0.00,0
0,0,-17,-9,-16,-13,-14,-16,-14,-18,-15,-17,-14,-19,-15,-20,-14,-20,-13,-22,-11,-24,-13,-24,-14,-24,-15,-24,-17,-20,-18,-18,-15,-22,-18,-19,-17,-21,-13,-23,-5,-27,1,-27,5,-26,4,-26,12,-23,10,-23,-10,-24]
CSI_DATA,39,2687,-51,128,[24,-128,1,0,-23,-17,-22,-17,-21,-17,-21,-16,-21,-14,-21,-14,-20,-13,-20,-13,-20,-12,-20,-12,-19,-11,-19,-10,-19,-10,-18,-10,-18,-10,-18,-10,-17,-9,-17,-9,-16,-9,-16,-9,-16,-9,-15,-9,-14,-9,-14,-9,-13,-10,0,0,0,0,0,0,0,0,0,0,0,0,0,0,0,0,0,0,0,0,0,0,-14,-5,-14,-6,-15,-7,-16,-7,-16,-8,-16,-8,-16,-9,-17,-10,-18,-11,-19,-11,-19,-13,-19,-14,-19,-14,-19,-14,-20,-15,-20,-16,-20,-16,-21,-16,-21,-16,-21,-17,-22,-16,-23,-17,-22,-18,-23,-18,-24,-19,-24,-19]
CSI_DATA,40,2708,-47,128,[83,-80,4,0,6,24,11,21,19,14,11,19,14,18,9,20,12,18,16,17,18,13,15,17,15,16,16,16,15,16,14,18,16,17,14,19,12,20,11,20,10,20,8,20,7,20,5,20,3,20,1,19,0,19,0,0,0,0,0,0,0,0,0,0,0,0,0,0,0,0,0,0,0,0,0,0,5,15,4,16,4,17,3,17,2,18,2,19,0,20,0,20,-1,21,-3,22,-4,24,-4,24,-7,22,-6,23,-6,22,-7,24,-9,23,-9,23,-9,22,-10,22,-7,23,-5,24,-6,25,-7,25,-4,26,-2,25]
CSI_DATA,41,2716,-49,128,[83,-80,4,0,4,-23,-9,-22,-5,-22,-3,-23,-3,-23,4,-22,8,-20,-1,-21,0,-22,-11,-20,-10,-20,-10,-20,-5,-23,-6,MOTION,3462,-55,0.00,0
-22,-6,-22,-3,-22,0,-22,1,-22,1,-22,3,-21,4,-20,4,-20,4,-19,5,-19,7,-18,0,0,0,0,0,0,0,0,0,0,0,0,0,0,0,0,0,0,0,0,0,0,10,-12,11,-12,12,-12,14,-12,14,-11,15,-11,16,-10,17,-10,18,-10,19,-11,20,-10,21,-10,21,-10,21,-10,21,-9,21,-9,22,-8,22,-6,22,-7,23,-8,23,-6,24,-5,23,-7,24,-6,22,-10,20,-12]
CSI_DATA,42,2738,-48,128,[83,-80,4,0,11,-20,2,-22,0,-22,4,-21,7,-20,1,-20,7,-19,3,-21,-2,-21,-3,-21,-4,-21,-8,-20,-5,-21,-1,-22,0,-21,4,-22,2,-22,3,-22,5,-23,6,-22,7,-21,9,-19,10,-19,9,-19,11,-17,0,0,0,0,0,0,0,0,0,0,0,0,0,0,0,0,0,0,0,0,0,0,10,-14,10,-13,13,-12,13,-14,15,-14,15,-12,17,-12,18,-13,20,-12,20,-13,21,-13,21,-12,22,-10,23,-9,22,-9,23,-9,22,-9,22,-10,22,-8,23,-7,21,-10,21,-13,22,-11,23,-12,23,-11,22,-9]
CSI_DATA,43,2765,-49,128,[83,-80,4,0,22,-12,16,-19,13,-20,15,-19,13,-20,14,-19,16,-17,10,-20,12,-20,6,-23,1,-24,3,-24,3,-24,5,-24,8,-23,10,-22,11,-22,11,-21,14,-19,12,-19,15,-18,15,-17,16,-16,17,-15,18,-12,0,0,0,0,0,0,0,0,0,0,0,0,0,0,0,0,0,0,0,0,0,0,13,-9,13,-9,14,-9,15,-9,17,-8,17,-7,17,-8,19,-7,20,-6,21,-7,22,-5,22,-6,22,-6,23,-6,24,-3,24,-3,23,-4,24,-2,24,-4,25,-2,25,-4,25,-4,25,1,26,-2,26,1,25,-2]
CSI_DATA,44,2785,-49,128,[83,-80,4,0,15,-20,7,-23,1,-23,4,-23,2,-22,-3,-22,-8,-21,-12,-19,-11,-19,-12,-18,-10,-19,-11,-19,-11,-20,MOTION,3572,-54,0.00,0
-11,-21,-9,-22,-7,-22,-5,-22,-4,-22,-7,-21,-3,-22,-1,-21,0,-20,-1,-21,0,-21,1,-21,0,0,0,0,0,0,0,0,0,0,0,0,0,0,0,0,0,0,0,0,0,0,3,-18,6,-18,8,-17,9,-18,10,-17,11,-18,12,-19,14,-18,16,-19,17,-18,18,-19,17,-20,20,-18,21,-14,23,-12,24,-12,23,-9,23,-3,25,-4,24,-2,24,-5,23,-12,24,-5,23,-10,24,-5,18,-17]
CSI_DATA,45,2789,-51,128,[24,-128,1,0,-26,11,-25,12,-23,11,-23,11,-23,11,-22,12,-21,11,-20,12,-19,11,-19,12,-19,12,-18,11,-18,12,-17,11,-17,11,-17,11,-16,11,-16,10,-16,10,-15,9,-15,9,-14,9,-15,8,-14,8,-14,7,0,0,0,0,0,0,0,0,0,0,0,0,0,0,0,0,0,0,0,0,0,0,-10,7,-11,7,-12,7,-13,8,-13,8,-14,8,-14,9,-15,8,-16,9,-18,9,-19,9,-20,9,-20,9,-20,9,-21,9,-22,9,-22,9,-22,10,-23,10,-23,10,-23,10,-24,11,-24,11,-26,12,-27,12,-25,12]
CSI_DATA,46,2807,-48,128,[83,-80,4,0,9,20,12,18,19,11,20,7,21,2,20,4,20,4,21,2,21,0,21,-1,20,-1,20,0,21,-2,22,1,21,2,21,4,21,4,20,6,20,6,19,6,19,7,18,9,18,10,15,13,12,14,0,0,0,0,0,0,0,0,0,0,0,0,0,0,0,0,0,0,0,0,0,0,7,14,9,14,9,14,9,16,7,19,5,20,6,20,8,21,8,23,9,22,9,23,7,24,9,22,7,24,1,23,0,26,-3,25,1,24,7,22,-1,24,7,22,4,24,4,25,3,26,-2,25,2,24]
CSI_DATA,47,2819,-49,128,[83,-80,4,0,23,-7,23,-9,20,-12,20,-15,16,-18,15,-18,16,-17,13,-19,13,-18,15,-16,14,-19,14,-18,15,-20,15,-18,14,-20,15,-17,15,-19,16,-16,17,-16,17,-14,19,-13,19,-10,20,-9,21,-6,21,-4,0,0,0,0,0,0,0,0,0,0,0,0,0,0,0,0,0,0,0,0,0,0,15,-5,17,-4,17,-4,19,-3,18,-2,21,-1,21,-1,21,-1,23,1,23,4,24,6,25,6,24,7,24,7,25,7,24,6,25,9,23,9,25,8,26,7,24,8,25,8,24,8,26,8,25,6,26,1]
CSI_DATA,48,2836,-48,128,[83,-80,4,0,12,20,17,15,22,5,22,-4,21,-4,17,-13,19,-9,20,-7,19,-9,21,-5,21,-5,21,-4,22,-4,23,-2,24,-2,23,-1,23,0,22,2,22,MOTION,3713,-54,0.00,0
3,22,4,21,5,20,6,19,8,18,9,17,10,0,0,0,0,0,0,0,0,0,0,0,0,0,0,0,0,0,0,0,0,0,0,13,13,13,15,11,16,12,17,11,19,10,20,9,21,9,22,9,23,7,24,6,26,4,27,4,26,1,26,2,26,0,27,-1,27,-1,27,-1,26,-1,26,0,25,0,26,-2,27,-2,27,-1,26,1,25]
CSI_DATA,49,2873,-48,128,[83,-80,4,0,3,22,-4,21,-6,20,-2,20,12,16,11,16,13,15,16,10,14,15,17,11,16,11,15,12,15,11,15,14,13,16,14,17,14,17,12,17,12,17,11,18,9,18,10,17,7,18,5,17,3,18,0,0,0,0,0,0,0,0,0,0,0,0,0,0,0,0,0,0,0,0,0,0,1,15,-4,15,-2,17,-5,17,-5,18,-7,18,-8,21,-11,18,-12,19,-13,19,-14,19,-16,18,-14,17,-15,16,-17,16,-12,21,-15,18,-16,18,-17,17,-20,15,-19,14,-21,12,-15,19,-7,23,1,23,-10,22]
CSI_DATA,50,2921,-49,128,[83,-80,4,0,17,10,25,-1,18,7,24,-2,17,-13,17,-12,16,-13,13,-16,14,-11,17,-13,17,-12,17,-11,16,-17,13,-13,20,-14,17,-9,22,-13,19,-11,20,-9,20,-8,20,-7,18,-3,20,-2,20,1,20,2,0,0,0,0,0,0,0,0,0,0,0,0,0,0,0,0,0,0,0,0,0,0,16,0,20,1,15,2,22,3,17,3,23,5,21,5,20,7,22,7,19,8,22,13,22,13,20,15,20,15,22,18,17,13,22,19,18,13,22,18,20,16,20,14,23,11,17,14,20,18,19,17,22,15]
CSI_DATA,51,2963,-50,128,[83,-80,4,0,-3,22,2,22,20,9,17,12,19,7,20,1,20,2,20,5,20,3,19,6,20,4,19,7,21,5,19,9,21,6,21,6,21,7,21,8,MOTION,3822,-54,0.00,0
21,9,19,10,18,11,17,12,15,14,16,12,14,14,0,0,0,0,0,0,0,0,0,0,0,0,0,0,0,0,0,0,0,0,0,0,4,16,4,17,3,18,2,18,2,19,1,21,0,21,0,22,-1,23,-4,23,-5,25,-7,25,-7,24,-6,24,-7,24,-9,24,-7,25,-7,25,-8,24,-11,22,-7,24,-8,24,-5,24,-8,25,-10,24,-16,19]
CSI_DATA,52,3012,-51,128,[83,-80,4,0,18,-9,18,-10,16,-11,6,-19,2,-19,5,-18,2,-19,3,-18,-1,-19,5,-17,0,-19,-1,-19,-2,-19,-2,-19,-3,-20,-1,-20,1,-20,2,-20,2,-20,3,-19,6,-19,7,-17,5,-17,8,-16,9,-15,0,0,0,0,0,0,0,0,0,0,0,0,0,0,0,0,0,0,0,0,0,0,14,-2,15,0,16,0,17,2,19,1,20,0,20,-3,20,-6,21,-1,22,-5,21,-1,22,6,23,6,23,9,22,10,23,5,23,3,22,0,21,-3,18,11,21,7,22,4,20,11,20,10,22,5,15,15]
CSI_DATA,53,3037,-48,128,[83,-80,4,0,1,15,-4,15,2,14,0,14,6,12,10,8,8,10,14,-1,13,0,12,4,13,-2,13,-1,13,1,14,1,14,3,14,2,14,1,14,4,14,4,13,5,12,7,11,7,11,7,10,8,9,9,0,0,0,0,0,0,0,0,0,0,0,0,0,0,0,0,0,0,0,0,0,0,9,7,9,8,8,9,9,9,8,10,8,12,8,12,7,13,6,14,6,15,5,17,4,17,3,17,1,17,2,17,1,17,0,17,1,17,1,17,-1,17,1,16,5,16,-1,18,-2,18,-7,16,-1,17]
CSI_DATA,54,3066,-49,128,[83,-80,4,0,14,2,-15,0,-10,10,-10,-11,-14,0,-10,-10,-11,-8,-12,-7,-12,-9,-14,-7,-15,-6,-14,-6,-15,-6,-15,-8,-14,-7,-14,-7,-15,-7,-13,-9,-14,-8,-14,-8,-12,-9,-13,-9,-12,-10,-12,-10,-13,-8,0,0,0,0,0,0,0,0,0,0,0,0,0,0,0,0,0,0,0,0,0,0,10,MOTION,3922,-55,0.00,0
5,11,6,11,6,11,6,12,6,12,6,13,6,12,7,14,8,14,7,14,8,14,8,15,9,13,10,14,8,14,9,13,11,15,8,14,8,15,7,14,5,15,5,15,6,13,10,14,8,12,10]
CSI_DATA,55,3100,-51,128,[83,-80,4,0,-21,-6,-10,17,-19,3,13,12,9,15,15,8,17,5,18,-1,18,-1,18,-1,17,-4,15,-10,18,-4,17,-6,18,-3,19,1,18,1,18,3,18,3,17,6,18,3,18,3,16,6,16,7,15,8,0,0,0,0,0,0,0,0,0,0,0,0,0,0,0,0,0,0,0,0,0,0,4,16,3,16,2,16,0,18,2,17,0,19,-1,20,-3,22,-4,21,-3,22,-2,24,-5,23,-8,22,-9,21,-9,22,-8,23,-14,18,-13,22,-16,15,-10,20,-19,11,-13,19,-13,20,-6,23,-13,19,4,22]
CSI_DATA,56,3138,-50,128,[83,-80,4,0,-18,-14,-22,0,-18,-11,-18,10,-12,15,-18,7,-15,12,-9,17,-5,19,-9,17,-6,18,-4,19,-6,18,-5,20,-4,19,-6,19,-4,18,-8,18,-12,15,-11,17,-14,14,-15,15,-15,13,-16,11,-16,11,0,0,0,0,0,0,0,0,0,0,0,0,0,0,0,0,0,0,0,0,0,0,-18,-1,-18,-1,-20,-2,-20,-3,-20,-5,-20,-4,-23,-4,-21,-5,-25,-3,-25,-5,-24,-6,-26,-8,-22,-13,-21,-16,-19,-16,-20,-18,-16,-19,-18,-18,-18,-17,-21,-16,-20,-13,-21,-15,-21,-14,-14,-22,-18,-18,-15,-18]
CSI_DATA,57,3169,-50,128,[83,-80,4,0,19,-9,11,-17,13,-11,-8,-16,10,14,1,-16,8,15,0,17,15,4,-12,12,-6,16,-6,16,-7,15,-10,15,-11,14,-13,12,-14,12,-13,12,-13,12,-13,12,-13,12,-12,12,-13,12,-13,12,-13,11,0,0,0,0,0,0,0,0,0,0,0,0,0,0,0,0,0,0,0,0,0,0,15,-3,16,-3,16,-3,17,-3,16,-4,18,-5,20,-4,19,-4,21,-5,22,-4,22,-6,23,-6,23,-7,22,-5,21,-5,21,-8,21,-8,20,-8,21,-12,17,-16,17,-4,22,-6,15,-14,18,-13,21,-12,19,9]
CSI_DATA,58,3210,-51,128,[83,-80,4,0,-14,17,20,-1,19,-4,15,-5,17,1,17,6,16,10,13,14,-7,16,-4,18,16,10,12,13,3,18,15,11,10,17,13,14,13,15,13,14,13,14,14,13,14,12,12,14,9,15,MOTION,4064,-54,0.00,0
8,15,6,16,0,0,0,0,0,0,0,0,0,0,0,0,0,0,0,0,0,0,0,0,0,0,-13,8,-14,8,-14,8,-17,6,-17,8,-18,6,-20,5,-21,4,-21,4,-22,5,-24,4,-23,5,-24,2,-24,-1,-23,2,-24,2,-22,1,-23,-1,-21,1,-22,-4,-22,-5,-23,-2,-20,13,-24,7,-26,4,-17,18]
CSI_DATA,59,3236,-50,128,[83,-80,4,0,17,-12,17,-13,16,-10,14,-12,-5,-18,-16,-11,-17,-6,-19,-5,-19,1,-19,1,-19,1,-19,1,-19,1,-20,0,-20,0,-20,1,-20,1,-20,-2,-20,-2,-20,-4,-20,-6,-19,-7,-19,-8,-18,-9,-17,-11,0,0,0,0,0,0,0,0,0,0,0,0,0,0,0,0,0,0,0,0,0,0,-8,-17,-7,-18,-6,-19,-5,-20,-4,-20,-4,-22,-3,-23,-2,-24,0,-25,1,-26,3,-26,3,-26,3,-26,4,-24,4,-25,6,-25,8,-25,11,-22,9,-23,10,-23,9,-24,10,-24,9,-25,10,-23,11,-22,12,-21]
CSI_DATA,60,3282,-51,128,[83,-80,4,0,8,-20,11,-17,-11,-16,-18,-7,-17,7,9,15,16,7,12,12,10,13,6,16,-7,17,-3,18,-3,18,-2,18,-8,16,-3,19,-6,17,-7,15,-8,16,-9,16,-5,16,-9,15,-9,12,-14,8,-16,3,0,0,0,0,0,0,0,0,0,0,0,0,0,0,0,0,0,0,0,0,0,0,-12,-12,-12,-13,-10,-14,-11,-15,-10,-16,-10,-17,-10,-18,-11,-19,-10,-20,-10,-21,-8,-22,-8,-23,-6,-23,-6,-23,-4,-23,-3,-24,-3,-24,-1,-24,-2,-23,-1,-24,-3,-24,0,-23,1,-24,2,-24,4,-23,8,-22]
CSI_DATA,61,3321,-51,128,[83,-80,4,0,-3,-23,-8,-20,4,-21,-18,-8,-17,-10,16,-9,14,-11,18,0,17,-4,MOTION,4162,-54,0.70,0
15,8,15,9,14,11,3,17,10,15,13,12,14,13,16,10,15,11,15,12,14,12,14,12,7,14,7,14,13,9,12,11,0,0,0,0,0,0,0,0,0,0,0,0,0,0,0,0,0,0,0,0,0,0,10,-14,11,-16,11,-16,9,-18,11,-18,10,-20,11,-20,11,-21,11,-22,9,-25,11,-23,11,-24,7,-25,7,-27,6,-25,6,-27,5,-27,4,-27,5,-26,2,-27,0,-25,-2,-27,-2,-27,0,-27,-1,-27,-2,-26]
CSI_DATA,62,3354,-50,128,[83,-80,4,0,17,-17,10,-19,2,-21,2,-21,5,-18,-17,-8,-15,10,-7,17,-7,16,-18,1,-18,6,-19,2,-17,6,-18,8,-16,8,-17,9,-19,6,-18,4,-19,3,-19,4,-20,1,-19,2,-19,0,-20,0,-19,-5,0,0,0,0,0,0,0,0,0,0,0,0,0,0,0,0,0,0,0,0,0,0,-15,-11,-13,-13,-12,-16,-11,-18,-9,-18,-9,-21,-7,-21,-8,-22,-9,-23,-8,-25,-5,-26,-8,-26,-5,-27,-1,-27,-4,-25,-3,-27,-2,-26,0,-25,-4,-26,-3,-26,0,-26,1,-28,4,-29,3,-27,10,-25,8,-26]
CSI_DATA,63,3399,-51,128,[83,-80,4,0,15,-18,16,-16,14,-16,20,3,10,16,1,19,4,18,-15,14,-12,16,-1,18,-6,18,-8,17,-6,18,-8,18,-12,16,-14,14,-13,16,-15,16,-15,14,-15,14,-14,15,-14,14,-11,16,-10,15,-9,16,0,0,0,0,0,0,0,0,0,0,0,0,0,0,0,0,0,0,0,0,0,0,10,13,12,12,11,15,12,16,13,15,13,16,15,17,17,16,17,19,18,19,19,18,22,17,23,12,20,13,17,17,17,16,22,8,22,10,25,0,27,6,26,6,27,4,26,4,27,-1,26,-5,MOTION,4262,-54,0.68,0
24,-8]
CSI_DATA,64,3439,-51,128,[83,-80,4,0,-21,9,-15,14,-15,13,-17,10,-17,7,-9,14,-17,4,-17,-7,-14,-11,-10,-15,-7,-17,-16,-8,-12,-12,-9,-16,-8,-16,-11,-15,-10,-15,-10,-15,-9,-16,-9,-16,-10,-15,-11,-15,-12,-14,-12,-14,-11,-13,0,0,0,0,0,0,0,0,0,0,0,0,0,0,0,0,0,0,0,0,0,0,-18,-1,-18,-1,-19,-4,-20,-1,-21,-1,-21,-1,-23,-1,-22,-1,-23,1,-25,3,-26,3,-25,4,-24,4,-24,6,-22,9,-23,9,-22,11,-21,12,-22,10,-21,14,-21,12,-20,15,-20,16,-20,16,-19,17,-21,9]
CSI_DATA,65,3483,-51,128,[83,-80,4,0,6,22,-8,21,-8,20,-5,20,-16,13,-11,17,-14,14,-19,6,-17,9,-20,2,-21,1,-20,2,-20,0,-20,-4,-21,-2,-21,-1,-20,3,-20,4,-20,3,-19,5,-19,4,-19,5,-18,2,-18,-3,-18,-4,0,0,0,0,0,0,0,0,0,0,0,0,0,0,0,0,0,0,0,0,0,0,-15,7,-16,7,-16,8,-16,9,-16,11,-15,12,-16,13,-15,14,-15,16,-15,18,-15,19,-13,20,-13,21,-11,22,-11,22,-10,23,-8,23,-5,24,-4,24,-2,25,0,25,-1,25,1,25,-2,25,3,25,5,24]
CSI_DATA,66,3501,-50,128,[83,-80,4,0,-15,-8,-14,-8,-14,-8,-12,-9,-13,-6,-9,-10,-8,-11,-6,-12,-9,-9,-2,-14,0,-13,-8,-10,0,-12,3,-12,3,-12,1,-13,3,-12,3,-12,3,-12,1,-12,5,-11,1,-12,3,-11,2,-11,-1,-11,0,0,0,0,0,0,0,0,0,0,0,0,0,0,0,0,0,0,0,0,0,0,-2,-12,-3,-13,-3,-13,-3,-13,-5,-14,-6,-14,-6,-14,-6,-14,-7,-15,-8,-15,-10,-16,-8,-16,-12,-13,-10,-16,-12,-14,-11,-15,-15,-13,-15,-13,-13,-13,-12,-13,-14,-11,-16,-10,-15,-11,-18,-4,-13,-11,-17,-6]
CSI_DATA,67,3542,-51,128,[83,-80,4,0,-16,17,-7,21,-10,18,-6,19,-21,1,-21,1,-19,6,-20,-4,-12,-16,-9,-17,-13,-15,-18,-8,-14,-13,-11,-16,-14,-14,-13,-15,-15,-13,-12,-14,-15,-12,-15,-12,-14,-12,-15,-12,-14,-11,-15,-10,-14,-11,0,0,0,0,0,0,0,0,0,0,0,0,0,0,0,0,0,0,MOTION,4403,-56,0.77,0
0,0,0,0,-16,-7,-16,-6,-16,-8,-17,-8,-18,-7,-20,-6,-21,-5,-22,-4,-23,-1,-23,-1,-25,1,-25,3,-24,3,-25,5,-25,4,-24,8,-24,9,-24,8,-22,12,-22,12,-21,13,-21,12,-21,15,-21,15,-20,16,-23,10]
CSI_DATA,68,3587,-50,128,[83,-80,4,0,0,-25,11,-21,7,-22,4,-21,-2,-20,12,-17,8,-17,16,-10,12,-14,14,-12,18,-2,17,5,17,3,17,3,17,5,18,-1,17,0,15,5,17,1,15,6,17,1,17,3,16,4,16,0,14,7,0,0,0,0,0,0,0,0,0,0,0,0,0,0,0,0,0,0,0,0,0,0,15,-10,15,-11,15,-14,16,-12,15,-13,16,-14,15,-16,17,-15,14,-16,11,-20,15,-22,12,-24,15,-24,13,-24,11,-25,14,-22,6,-27,7,-25,6,-25,5,-26,3,-25,7,-25,5,-25,1,-28,-4,-28,0,-28]
CSI_DATA,69,3620,-51,128,[83,-80,4,0,2,22,11,16,16,10,-3,18,-16,11,5,16,-17,7,-17,-7,-18,4,-19,0,-19,-2,-19,2,-18,-1,-19,1,-17,5,-19,-5,-17,-1,-18,-3,-17,-1,-19,0,-19,1,-19,2,-19,0,-18,-1,-18,-2,0,0,0,0,0,0,0,0,0,0,0,0,0,0,0,0,0,0,0,0,0,0,-2,16,-2,15,-3,18,-3,18,2,19,2,19,4,22,2,21,4,22,7,24,5,23,9,20,13,20,7,21,1,21,2,24,2,22,3,23,1,21,13,18,12,19,16,18,16,21,13,20,9,21,7,22]
CSI_DATA,70,3654,-49,128,[83,-80,4,0,16,-16,12,-19,10,-19,-8,-19,12,-14,8,-17,2,-19,12,-12,17,3,8,18,12,13,15,11,17,5,15,11,16,7,15,10,12,13,8,15,7,16,7,16,10,14,10,14,10,13,MOTION,4502,-56,0.80,0
12,12,11,13,0,0,0,0,0,0,0,0,0,0,0,0,0,0,0,0,0,0,0,0,0,0,16,2,16,1,19,0,19,-1,18,-3,19,-2,20,-4,20,-5,21,-6,22,-8,23,-9,24,-9,22,-11,20,-15,20,-14,19,-13,20,-13,15,-18,12,-19,13,-21,6,-24,7,-24,10,-25,14,-24,17,-20,18,-16]
CSI_DATA,71,3688,-52,128,[83,-80,4,0,3,-15,-12,-9,8,-11,-13,4,5,-12,9,9,9,8,9,7,-1,12,3,12,5,11,3,12,3,11,5,11,3,12,5,11,6,10,5,10,6,9,6,10,9,8,7,9,7,9,5,9,8,9,0,0,0,0,0,0,0,0,0,0,0,0,0,0,0,0,0,0,0,0,0,0,10,-1,11,-1,10,-2,11,-2,11,-3,12,-3,12,-4,12,-6,13,-6,13,-7,12,-9,13,-8,13,-10,11,-11,12,-10,12,-11,10,-12,9,-12,9,-14,7,-13,7,-14,4,-16,5,-17,3,-17,4,-16,4,-17]
CSI_DATA,72,3722,-49,128,[83,-80,4,0,-16,17,-15,12,-14,15,-4,17,-10,15,-9,15,-12,13,-18,-4,-18,1,-17,-3,-14,-11,-8,-17,-11,-13,-10,-16,-9,-13,-10,-15,-5,-15,-5,-15,-6,-15,-9,-13,-8,-15,-9,-15,-8,-14,-10,-14,-7,-14,0,0,0,0,0,0,0,0,0,0,0,0,0,0,0,0,0,0,0,0,0,0,-16,-6,-15,-6,-15,-7,-15,-6,-18,-6,-16,-5,-19,-5,-19,-4,-21,-3,-23,-1,-23,-1,-24,2,-24,2,-25,3,-22,3,-23,10,-19,11,-20,13,-17,13,-17,14,-16,13,-17,15,-19,16,-20,15,-20,15,-18,14]
CSI_DATA,73,3757,-51,128,[83,-80,4,0,24,3,23,-9,24,0,24,-8,23,-6,16,-17,19,-13,23,-4,20,-11,22,-5,23,-3,21,-8,22,-8,23,-9,24,-7,23,MOTION,4602,-56,0.80,0
-6,24,-3,22,-3,23,-3,22,1,22,1,19,5,20,5,20,6,19,7,0,0,0,0,0,0,0,0,0,0,0,0,0,0,0,0,0,0,0,0,0,0,14,-1,14,8,15,9,15,11,16,5,12,17,12,10,19,12,18,15,3,20,7,22,-2,23,6,23,6,25,-5,22,-11,19,11,23,9,25,4,24,4,22,16,19,14,21,24,10,19,19,16,21,25,9]
CSI_DATA,74,3783,-50,128,[83,-80,4,0,-17,4,-16,1,-15,-4,-16,-1,-14,-6,-15,-1,-14,1,-14,-3,-9,8,-7,-14,-7,-14,-8,-15,-12,-9,-10,-12,-12,-10,-12,-9,-12,-7,-13,-4,-9,5,-12,-7,1,-11,-8,-8,-6,-12,-8,-10,-8,-11,0,0,0,0,0,0,0,0,0,0,0,0,0,0,0,0,0,0,0,0,0,0,-12,3,-12,3,-12,4,-13,4,-13,5,-13,5,-14,6,-14,6,-15,7,-15,8,-15,8,-15,10,-14,9,-14,10,-14,9,-14,10,-13,11,-12,12,-12,12,-12,13,-11,13,-9,15,-11,13,-13,13,-11,14,-10,13]
CSI_DATA,75,3817,-52,128,[83,-80,4,0,20,-17,8,-25,-18,-18,-2,-25,-2,-24,-14,-20,-11,-21,-10,-22,-6,-23,-16,-19,-12,-21,-13,-20,-10,-21,-9,-22,-9,-23,-5,-24,-5,-24,-5,-24,-1,-22,-3,-23,-1,-23,-1,-22,2,-22,4,-22,4,-21,0,0,0,0,0,0,0,0,0,0,0,0,0,0,0,0,0,0,0,0,0,0,16,-10,17,-9,18,-9,19,-11,20,-11,21,-11,22,-10,24,-4,24,-7,23,-10,24,-2,24,0,23,6,25,5,23,7,20,11,22,-9,24,-5,26,1,22,13,25,4,16,19,21,16,22,15,21,16,25,9]
CSI_DATA,76,3857,-49,128,[83,-80,4,0,18,-12,21,-2,21,-1,20,-6,-15,-15,-6,20,12,17,12,16,11,18,9,18,12,17,12,17,18,13,16,14,18,12,16,14,16,15,12,17,13,17,11,17,12,16,11,17,9,17,8,18,5,19,0,0,0,0,0,0,0,0,0,0,0,0,0,0,0,0,0,0,0,0,0,0,-6,16,-7,16,-9,16,-9,17,-10,17,-11,17,-13,16,-15,16,-15,18,-18,14,-19,15,-21,11,-22,10,-23,8,-23,9,-23,9,-24,9,-22,11,-23,13,-23,9,-23,12,-22,11,-22,12,-13,21,-16,18,-23,11]
CSI_DATA,77,3903,-50,128,[83,-80,4,0,15,-14,-20,8,14,-17,-6,-18,-7,-18,8,-18,0,-19,0,-19,4,-20,-1,-21,3,-20,5,-21,0,-19,2,-22,6,-19,MOTION,4742,-56,0.85,0
9,-21,8,-18,8,-19,11,-18,9,-19,11,-17,13,-17,12,-17,13,-16,13,-15,0,0,0,0,0,0,0,0,0,0,0,0,0,0,0,0,0,0,0,0,0,0,8,14,6,14,8,16,6,14,9,17,6,16,7,19,8,18,9,21,5,23,6,22,4,22,4,22,3,23,0,21,6,23,8,20,11,21,4,21,0,22,7,20,9,22,1,24,6,22,7,21,13,17]
CSI_DATA,78,3933,-51,128,[83,-80,4,0,17,17,19,13,16,17,23,2,20,-11,22,-3,22,2,22,-2,22,-4,22,-6,21,-10,21,-9,20,-11,22,-10,22,-9,22,-8,22,-8,22,-6,23,-5,22,-4,22,-4,22,-3,21,-2,21,1,21,2,0,0,0,0,0,0,0,0,0,0,0,0,0,0,0,0,0,0,0,0,0,0,5,17,3,18,4,18,3,19,5,19,4,20,0,22,2,21,1,22,0,23,-5,24,-1,25,-5,23,-4,24,-2,24,1,24,-1,24,-2,24,-5,22,6,23,0,24,-2,24,-6,25,-8,24,-9,24,-5,25]
CSI_DATA,79,3955,-50,128,[83,-80,4,0,-21,4,-16,18,-6,19,-18,16,-7,18,-9,18,-11,16,-7,17,-8,17,-13,17,-9,19,-8,17,-8,20,-8,17,-11,20,-11,16,-16,19,-14,15,-14,16,-15,15,-14,15,-15,11,-19,11,-18,9,-20,8,0,0,0,0,0,0,0,0,0,0,0,0,0,0,0,0,0,0,0,0,0,0,-16,-1,-20,-2,-17,-2,-21,-4,-18,-4,-22,-6,-21,-5,-20,-7,-22,-6,-19,-9,-22,-13,-20,-15,-19,-16,-18,-15,-20,-17,-18,-14,-20,-18,-18,-15,-22,-18,-19,-17,-18,-15,-20,-15,-13,-18,-16,-20,-15,-19,-17,-19]
CSI_DATA,80,3996,-50,128,[83,-80,4,0,-4,-25,-24,2,-23,7,-21,10,-21,7,-15,16,-13,17,-20,9,-20,10,-22,10,-22,7,-19,11,-23,7,-24,5,-21,MOTION,4852,-57,0.98,0
10,-23,4,-23,1,-24,1,-22,-3,-22,-7,-21,-6,-15,-12,-18,-9,-20,-3,-17,-9,0,0,0,0,0,0,0,0,0,0,0,0,0,0,0,0,0,0,0,0,0,0,-12,-14,-12,-16,-12,-17,-13,-17,-12,-18,-11,-20,-11,-21,-10,-22,-9,-23,-7,-24,-4,-26,-3,-26,-2,-26,0,-26,0,-26,2,-27,5,-26,5,-26,8,-24,5,-25,5,-24,6,-24,11,-24,14,-22,17,-20,12,-23]
CSI_DATA,81,4022,-51,128,[83,-80,4,0,25,-2,22,-12,23,-7,15,-18,15,-17,16,-17,17,-16,16,-17,13,-20,13,-19,11,-20,14,-18,15,-19,18,-17,18,-15,19,-15,20,-12,19,-14,20,-12,20,-11,21,-8,21,-6,21,-4,22,-2,21,-1,0,0,0,0,0,0,0,0,0,0,0,0,0,0,0,0,0,0,0,0,0,0,17,8,17,9,17,11,17,11,17,12,18,13,18,13,15,17,17,18,18,18,16,20,13,21,13,21,12,23,6,24,4,25,6,25,1,26,5,25,3,25,6,24,10,24,18,20,21,15,23,11,25,9]
CSI_DATA,82,4056,-50,128,[83,-80,4,0,-22,-11,-24,-4,-23,-3,-21,7,-22,1,-23,-2,-21,-7,-22,-9,-22,-9,-21,-10,-21,-7,-20,-10,-20,-9,-20,-12,-18,-15,-18,-15,-15,-17,-17,-16,-14,-17,-15,-17,-13,-18,-12,-18,-10,-19,-8,-19,-6,-19,0,0,0,0,0,0,0,0,0,0,0,0,0,0,0,0,0,0,0,0,0,0,-3,-13,-2,-14,-4,-14,0,-16,0,-17,5,-16,8,-15,12,-12,10,-16,7,-20,10,-19,8,-21,9,-20,8,-21,12,-17,13,-17,16,-12,15,-14,14,-15,-2,-21,12,-18,1,-22,-2,-24,0,-24,-24,0,-23,-9]
MOTION,4953,-57,1.09,0
CSI_DATA,83,4096,-50,128,[83,-80,4,0,3,-25,-3,-24,-5,-24,1,-23,0,-23,3,-22,5,-20,-19,-13,-18,-16,-17,-17,-18,-18,-21,-15,-17,-16,-21,-12,-23,-10,-22,-6,-21,-5,-19,2,-21,-9,-20,-12,-20,-6,-19,-12,-16,-17,-10,-18,-6,-18,0,0,0,0,0,0,0,0,0,0,0,0,0,0,0,0,0,0,0,0,0,0,11,-14,12,-13,13,-13,14,-14,15,-14,16,-14,16,-14,16,-15,17,-15,18,-16,19,-16,18,-18,18,-15,17,-16,18,-16,16,-18,18,-16,20,-15,18,-17,16,-18,17,-18,16,-20,12,-22,18,-18,22,-9,22,-9]
CSI_DATA,84,4139,-49,128,[83,-80,4,0,25,0,25,-2,24,-2,23,-6,19,-14,19,-14,18,-16,17,-16,16,-18,16,-17,16,-18,15,-18,16,-18,18,-16,18,-15,19,-16,19,-14,19,-12,20,-13,20,-11,20,-10,21,-8,20,-6,20,-4,20,-2,0,0,0,0,0,0,0,0,0,0,0,0,0,0,0,0,0,0,0,0,0,0,18,0,17,-1,17,1,18,1,19,2,19,6,20,4,21,6,23,6,22,8,22,9,22,12,21,12,20,14,19,13,21,13,22,11,23,7,23,8,24,7,24,7,23,12,25,8,21,17,22,15,23,12]
CSI_DATA,85,4176,-48,128,[83,-80,4,0,-2,26,4,25,2,24,5,24,-1,24,10,20,6,23,12,19,8,22,9,22,9,22,5,23,4,22,8,21,9,20,7,22,10,21,8,22,4,24,2,23,0,22,0,22,0,21,0,21,-3,20,0,0,0,0,0,0,0,0,0,0,0,0,0,0,0,0,0,0,0,0,0,0,-3,16,-7,16,-10,13,-11,15,-15,12,-15,13,-12,18,-14,18,-14,18,-10,21,-12,21,-12,21,-17,19,-18,19,-20,16,-20,17,-21,16,-23,13,-24,11,-23,13,-23,12,-23,10,-18,19,-23,13,-21,17,-16,20]
CSI_DATA,86,4217,-50,128,[83,-80,4,0,-24,-3,-21,-9,-6,21,0,21,-2,21,-7,21,-7,21,-5,20,-1,22,-1,21,-1,22,-1,23,-5,22,-7,21,-6,21,-8,21,-6,22,-9,20,-12,18,-11,20,-15,16,-15,16,-15,13,-15,14,-14,13,0,0,0,0,0,0,0,0,0,0,0,0,0,0,0,0,0,0,0,0,0,0,-17,2,-17,1,-18,3,MOTION,5083,-59,1.41,0
-16,-5,-18,-3,-14,-10,-13,-12,-18,-7,-20,3,-23,-3,-23,-2,-22,3,-22,3,-24,-3,-24,-2,-24,-9,-22,-9,-21,-12,-19,-15,-16,-17,-12,-19,-10,-21,-24,-5,-25,4,-25,-2,-25,0]
CSI_DATA,87,4241,-49,128,[83,-80,4,0,21,10,21,11,22,9,21,8,22,4,22,2,22,3,22,3,22,3,22,4,22,4,22,5,22,5,22,6,22,7,22,7,21,9,20,9,19,10,18,11,17,12,15,14,12,15,11,14,6,17,0,0,0,0,0,0,0,0,0,0,0,0,0,0,0,0,0,0,0,0,0,0,13,10,14,11,11,12,13,13,13,13,14,15,13,16,13,17,12,18,13,19,13,20,12,20,11,20,10,21,9,20,12,20,7,22,5,23,8,22,5,23,7,23,5,23,3,24,3,24,15,19,18,16]
CSI_DATA,88,4278,-48,128,[83,-80,4,0,29,-1,22,-2,26,-4,19,1,22,-5,22,-5,23,-3,24,0,25,-2,22,-2,22,-3,24,-4,22,-2,27,-2,22,-2,28,-1,20,0,24,2,23,3,23,4,22,6,23,8,19,8,19,9,15,11,0,0,0,0,0,0,0,0,0,0,0,0,0,0,0,0,0,0,0,0,0,0,16,4,13,4,17,7,14,7,18,9,14,8,15,10,17,10,16,13,19,13,16,14,16,15,14,16,16,17,14,14,16,21,13,15,14,21,13,14,18,14,19,12,18,16,25,11,24,6,25,4,24,-6]
CSI_DATA,89,4320,-49,128,[83,-80,4,0,7,-16,5,-16,7,-15,4,-16,4,-16,3,-16,2,-16,5,-15,2,-16,0,-17,3,-16,2,-16,2,-17,4,-16,5,-16,6,-15,7,-14,8,-13,8,-14,8,-14,9,-12,8,-12,9,-11,10,-10,10,-9,0,0,0,0,0,0,0,0,0,0,0,0,0,0,0,0,0,0,0,0,0,0,7,-8,8,-8,9,-8,9,-8,10,-7,MOTION,5182,-58,1.52,0
10,-7,10,-6,10,-7,11,-6,12,-8,14,-5,14,-5,15,-1,14,-1,15,0,14,-2,13,3,14,-6,15,-6,14,-6,11,-10,14,-7,15,3,10,-14,11,-13,10,-14]
CSI_DATA,90,4354,-48,128,[83,-80,4,0,-12,23,-10,23,-3,24,-8,23,-12,21,-5,23,-3,24,-4,23,-2,23,1,23,-2,23,0,23,-2,23,-2,23,-4,23,-6,23,-7,22,-7,21,-8,20,-9,20,-10,20,-11,19,-12,17,-12,16,-13,15,0,0,0,0,0,0,0,0,0,0,0,0,0,0,0,0,0,0,0,0,0,0,-11,12,-13,12,-13,13,-15,13,-16,12,-17,13,-16,14,-18,15,-18,13,-21,13,-22,12,-23,9,-23,8,-22,10,-23,6,-23,9,-22,9,-23,8,-24,7,-24,10,-23,10,-21,14,-25,9,-20,18,-22,17,-18,18]
CSI_DATA,91,4394,-49,128,[83,-80,4,0,-24,4,-23,-3,-23,-4,-20,-8,-22,2,-21,4,-19,8,-20,4,-18,11,-19,10,-21,7,-20,9,-20,7,-18,11,-19,9,-19,11,-17,11,-17,11,-20,4,-18,8,-16,4,-16,7,-16,7,-19,0,-16,-2,0,0,0,0,0,0,0,0,0,0,0,0,0,0,0,0,0,0,0,0,0,0,-16,-2,-16,-2,-17,-4,-18,-4,-19,-5,-19,-6,-19,-6,-20,-7,-20,-8,-21,-9,-21,-10,-21,-11,-21,-10,-21,-10,-20,-11,-21,-12,-20,-12,-21,-12,-22,-10,-22,-9,-24,-7,-23,-8,-25,-6,-25,-2,-25,-4,-24,-2]
CSI_DATA,92,4441,-48,128,[83,-80,4,0,-25,4,-25,5,-24,1,-23,7,-21,10,-22,8,-22,6,-22,8,-23,7,-24,5,-23,5,-24,7,-24,6,-24,5,-25,4,-24,4,-24,3,-22,3,-23,1,-22,0,-22,1,-21,0,-21,-2,-20,-3,-20,-4,0,0,0,0,0,0,0,0,0,0,0,0,0,0,0,0,0,0,0,0,0,0,-16,-4,-17,-4,-17,-5,-19,MOTION,5293,-59,1.62,0
-6,-18,-7,-19,-9,-19,-9,-19,-10,-20,-10,-20,-12,-21,-13,-20,-15,-21,-13,-20,-15,-20,-15,-21,-15,-21,-14,-22,-13,-22,-13,-22,-11,-22,-12,-22,-13,-23,-11,-24,-12,-24,-12,-25,-9]
CSI_DATA,93,4475,-50,128,[83,-80,4,0,-16,21,-15,21,-12,21,-12,21,-11,21,-10,21,-9,21,-8,22,-7,22,-7,22,-6,22,-7,22,-7,22,-8,21,-8,21,-9,21,-9,20,-10,19,-10,18,-11,18,-12,17,-12,16,-13,15,-13,14,-14,13,0,0,0,0,0,0,0,0,0,0,0,0,0,0,0,0,0,0,0,0,0,0,-7,13,-9,13,-10,13,-11,14,-12,13,-12,14,-13,14,-14,14,-15,15,-16,15,-17,15,-18,14,-19,14,-20,14,-20,14,-20,13,-20,14,-19,15,-20,14,-20,15,-20,16,-20,16,-20,17,-20,17,-20,18,-19,18]
CSI_DATA,94,4499,-49,128,[83,-80,4,0,-11,23,-8,24,-9,22,-2,24,-2,23,-2,23,-3,23,-4,22,4,23,2,23,3,23,4,23,3,23,4,22,2,23,2,23,-2,22,-1,22,-3,21,-5,20,-6,19,-7,19,-6,19,-7,18,-8,17,0,0,0,0,0,0,0,0,0,0,0,0,0,0,0,0,0,0,0,0,0,0,-3,16,-3,16,-4,17,-6,18,-6,18,-7,19,-8,19,-9,19,-11,20,-12,20,-12,21,-13,21,-14,20,-15,20,-15,20,-15,19,-14,20,-14,20,-15,20,-14,21,-11,23,-11,23,-12,23,-14,23,-11,23,-12,23]
CSI_DATA,95,4542,-47,128,[83,-80,4,0,-3,-18,-8,-16,-8,-16,-9,-15,-10,-14,-8,-15,-10,-13,-10,-14,-10,-14,-12,-12,-11,-12,-10,-12,-11,-12,-11,-13,-10,-13,-10,-13,-10,-13,-9,-13,-8,-14,-8,-13,-8,-12,-10,-10,-8,-12,-6,-13,-5,-13,0,0,0,0,0,0,0,0,0,0,0,0,0,0,0,0,0,0,0,0,0,0,-7,-11,-5,-12,-5,-13,-5,-14,-4,-15,-5,-15,-4,-16,-2,-16,1,-16,-1,-17,0,-19,0,-19,-3,-18,0,-18,-2,-18,1,-19,5,-17,3,-17,5,-17,2,-18,2,-18,-2,-18,-5,-19,-2,-20,1,-19,-4,-19]
CSI_DATA,96,4575,-47,128,[83,-80,4,0,-14,23,-10,25,-2,26,-8,25,-1,25,-2,25,-3,24,-3,24,-2,24,-7,22,-2,24,-3,24,-2,24,-1,24,0,23,0,MOTION,5433,-55,1.62,0
23,-2,23,-3,22,-5,21,-6,21,-7,20,-7,19,-8,18,-9,18,-10,16,0,0,0,0,0,0,0,0,0,0,0,0,0,0,0,0,0,0,0,0,0,0,-5,16,-6,16,-7,16,-8,17,-9,17,-9,17,-10,18,-11,18,-13,18,-14,19,-15,19,-16,19,-17,17,-17,18,-17,17,-17,18,-18,17,-16,20,-16,20,-16,21,-16,21,-16,21,-14,24,-16,23,-14,25,-17,22]
CSI_DATA,97,4606,-47,128,[83,-80,4,0,-28,-2,-28,1,-26,1,-26,4,-24,5,-24,4,-24,7,-23,7,-22,9,-23,9,-22,9,-23,8,-23,9,-23,7,-23,8,-23,7,-23,5,-22,5,-22,3,-22,2,-21,2,-21,0,-21,0,-20,-2,-20,-3,0,0,0,0,0,0,0,0,0,0,0,0,0,0,0,0,0,0,0,0,0,0,-17,2,-18,1,-19,0,-20,-1,-21,-2,-22,-2,-22,-3,-22,-5,-23,-7,-24,-7,-25,-9,-25,-9,-24,-9,-24,-12,-24,-11,-24,-11,-25,-11,-24,-10,-26,-8,-26,-8,-26,-7,-27,-6,-27,-9,-28,-7,-28,-5,-27,-7]
CSI_DATA,98,4643,-48,128,[83,-80,4,0,-16,11,-14,11,-16,11,-14,9,-16,8,-14,9,-13,10,-16,7,-11,12,-10,13,-10,12,-10,12,-12,10,-11,12,-10,12,-11,12,-11,10,-12,9,-13,8,-13,7,-12,7,-12,8,-11,8,-11,7,-11,5,0,0,0,0,0,0,0,0,0,0,0,0,0,0,0,0,0,0,0,0,0,0,-8,7,-9,6,-10,6,-10,6,-11,7,-10,7,-13,5,-14,3,-15,3,-16,4,-15,7,-15,5,-15,6,-15,6,-16,3,-17,6,-15,4,-17,4,-16,1,-15,4,-17,-2,-17,1,-18,3,-16,MOTION,5532,-58,1.66,0
10,-15,11,-16,9]
CSI_DATA,99,4678,-47,128,[83,-80,4,0,-25,-14,-26,-12,-25,-12,-25,-10,-25,-8,-25,-5,-25,-1,-25,-2,-25,-3,-25,-4,-24,-4,-24,-4,-24,-3,-24,-4,-24,-5,-24,-4,-23,-5,-22,-6,-21,-7,-20,-7,-20,-8,-19,-9,-17,-10,-17,-11,-16,-11,0,0,0,0,0,0,0,0,0,0,0,0,0,0,0,0,0,0,0,0,0,0,-17,-4,-18,-6,-18,-7,-19,-8,-19,-9,-20,-10,-21,-10,-20,-11,-20,-13,-21,-14,-21,-16,-20,-18,-20,-17,-20,-18,-20,-18,-19,-19,-19,-20,-19,-19,-22,-17,-22,-17,-23,-14,-24,-15,-25,-15,-26,-16,-26,-15,-26,-15]
CSI_DATA,100,4717,-49,128,[83,-80,4,0,13,9,14,8,14,6,15,6,14,5,14,6,13,6,14,6,14,5,14,6,13,5,14,5,14,4,14,5,13,7,13,6,13,7,12,7,11,7,10,8,10,8,9,8,9,8,8,9,8,9,0,0,0,0,0,0,0,0,0,0,0,0,0,0,0,0,0,0,0,0,0,0,9,5,9,6,8,6,9,7,9,8,9,8,9,9,9,9,9,10,9,10,9,12,9,12,8,13,7,13,8,13,8,13,9,13,9,12,9,12,8,13,9,12,7,14,10,13,10,13,11,13,12,13]
CSI_DATA,101,4752,-49,128,[83,-80,4,0,5,-27,4,-26,1,-26,-2,-26,0,-25,0,-25,-2,-24,-4,-24,-3,-24,-4,-24,-5,-23,-5,-23,-5,-22,-5,-22,-5,-22,-4,-22,-4,-22,-3,-21,-2,-21,-1,-20,-1,-20,-1,-19,0,-19,0,-18,2,-18,0,0,0,0,0,0,0,0,0,0,0,0,0,0,0,0,0,0,0,0,0,0,1,-17,2,-17,0,-18,2,-19,2,-19,4,-20,5,-20,6,-21,7,-21,8,-22,9,-23,7,-24,9,-22,8,-23,6,-23,8,-24,5,-24,6,-25,9,-24,6,-25,6,-25,8,-26,8,-26,MOTION,5633,-57,1.67,0
3,-28,7,-27,9,-26]
CSI_DATA,102,4774,-49,128,[83,-80,4,0,-27,10,-24,13,-20,17,-22,15,-21,16,-21,16,-20,16,-20,16,-19,16,-18,17,-17,18,-18,18,-17,18,-17,19,-18,17,-19,18,-19,15,-18,15,-18,14,-18,14,-18,13,-19,11,-20,9,-20,7,-20,5,0,0,0,0,0,0,0,0,0,0,0,0,0,0,0,0,0,0,0,0,0,0,-13,10,-15,10,-16,10,-18,7,-20,6,-20,3,-21,3,-21,3,-22,6,-23,3,-24,3,-24,2,-22,6,-24,3,-25,3,-27,3,-25,2,-26,1,-26,2,-26,5,-26,5,-26,6,-26,8,-27,9,-29,7,-26,10]
CSI_DATA,103,4861,-49,128,[83,-80,4,0,-8,-24,-8,-24,-10,-22,-9,-22,-11,-20,-14,-18,-12,-19,-12,-19,-12,-18,-13,-18,-13,-17,-13,-17,-13,-17,-13,-17,-13,-18,-12,-17,-11,-17,-10,-17,-10,-17,-9,-17,-8,-17,-7,-17,-6,-17,-6,-16,-5,-16,0,0,0,0,0,0,0,0,0,0,0,0,0,0,0,0,0,0,0,0,0,0,-10,-12,-10,-12,-9,-13,-9,-15,-9,-15,-9,-16,-9,-18,-9,-18,-8,-19,-7,-20,-8,-21,-7,-22,-6,-22,-4,-22,-4,-23,-6,-23,-6,-23,-6,-23,-6,-24,-6,-23,-7,-23,-7,-24,-7,-25,-7,-25,-5,-25,-8,-25]
CSI_DATA,104,4866,-49,128,[83,-80,4,0,9,24,8,23,12,21,7,22,4,22,8,22,6,22,4,22,7,22,12,19,10,20,12,18,13,16,14,17,12,19,10,19,9,19,8,19,7,19,7,19,6,18,5,18,5,18,3,18,2,18,0,0,0,0,0,0,0,0,0,0,0,0,0,0,0,0,0,0,0,0,0,0,4,16,3,16,2,17,1,18,2,19,0,20,-1,21,-2,21,-3,22,-4,23,-4,24,-4,25,-4,24,-5,24,-4,24,-4,25,-3,25,-3,26,-4,24,-2,25,0,25,-1,25,-1,27,1,26,0,27,1,26]
CSI_DATA,105,4894,-49,128,[83,-80,4,0,-25,2,-25,3,-23,2,-23,5,-21,7,-21,8,-22,5,-20,8,-20,8,-20,9,-19,10,-20,8,-19,10,-19,9,-19,8,-18,10,-18,9,-17,9,-18,8,-18,6,-19,6,-18,5,-18,6,-18,4,-17,3,0,0,0,0,0,0,0,0,0,0,0,0,0,0,0,0,0,0,0,0,0,0,-15,4,-16,4,-17,3,-18,MOTION,5772,-57,1.67,0
3,-18,2,-19,2,-20,1,-20,1,-21,0,-23,0,-24,-2,-24,-3,-24,-3,-24,-4,-24,-5,-23,-4,-24,-3,-23,-1,-24,1,-25,-1,-25,-1,-26,0,-25,-1,-26,-2,-27,2,-25,2]
CSI_DATA,106,4953,-47,128,[83,-80,4,0,-12,10,-12,10,-10,10,-10,10,-10,10,-10,9,-10,9,-9,10,-8,10,-7,11,-6,11,-6,12,-6,12,-6,12,-6,11,-7,11,-6,11,-6,10,-7,10,-7,9,-7,9,-7,9,-8,8,-8,7,-9,7,0,0,0,0,0,0,0,0,0,0,0,0,0,0,0,0,0,0,0,0,0,0,-7,5,-8,6,-9,5,-9,6,-10,5,-11,4,-11,5,-12,5,-12,5,-13,4,-14,3,-14,5,-14,3,-14,2,-14,2,-14,3,-13,5,-14,5,-13,7,-13,7,-11,9,-13,8,-15,5,-14,7,-15,7,-15,4]
CSI_DATA,107,4958,-49,128,[83,-80,4,0,20,-15,20,-15,18,-16,20,-14,18,-14,18,-15,17,-16,15,-16,14,-17,12,-19,12,-18,12,-18,14,-18,13,-17,15,-17,15,-16,15,-15,14,-15,14,-14,15,-13,15,-13,14,-12,15,-10,14,-11,14,-9,0,0,0,0,0,0,0,0,0,0,0,0,0,0,0,0,0,0,0,0,0,0,11,-11,12,-11,12,-11,13,-12,14,-12,15,-12,16,-11,17,-10,19,-9,20,-8,22,-6,23,-6,22,-4,23,-2,23,-4,23,-5,23,-5,22,-7,23,-8,23,-8,23,-8,24,-7,24,-7,24,-10,24,-12,23,-12]
CSI_DATA,108,5026,-46,128,[83,-80,4,0,-1,10,0,10,1,10,1,10,0,10,0,9,2,9,1,9,3,9,3,8,3,8,3,8,2,9,1,9,1,8,2,8,2,8,1,8,1,8,1,8,0,7,0,MOTION,5873,-57,1.62,0
7,-1,7,0,7,-1,7,0,0,0,0,0,0,0,0,0,0,0,0,0,0,0,0,0,0,0,0,0,0,2,5,2,6,2,6,1,6,1,7,0,7,0,8,-1,8,0,9,-1,9,-1,9,-1,10,-1,9,-1,9,-3,9,-2,9,-2,10,-2,9,-2,9,-1,10,0,10,0,10,-1,11,-2,11,-2,11,0,11]
CSI_DATA,109,5036,-51,128,[83,-80,4,0,-21,16,-20,15,-22,10,-18,15,-18,15,-15,17,-15,15,-12,18,-14,16,-13,17,-15,16,-15,16,-14,17,-14,17,-15,16,-16,15,-16,14,-15,14,-15,13,-14,13,-14,13,-16,11,-15,11,-16,10,-16,10,0,0,0,0,0,0,0,0,0,0,0,0,0,0,0,0,0,0,0,0,0,0,-13,10,-14,9,-16,8,-17,8,-18,8,-19,7,-20,8,-21,6,-20,8,-23,6,-23,4,-24,4,-23,5,-24,2,-23,6,-23,4,-21,10,-22,9,-21,12,-21,13,-23,10,-23,10,-26,7,-25,9,-26,7,-24,9]
CSI_DATA,110,5080,-49,128,[83,-80,4,0,-27,-8,-27,-6,-26,-6,-26,-2,-25,-3,-25,-4,-24,-2,-24,-2,-24,-2,-24,-2,-24,-2,-24,-1,-24,1,-24,0,-24,-1,-23,0,-23,-1,-22,-4,-21,-4,-21,-5,-20,-6,-19,-6,-18,-7,-18,-8,-17,-9,0,0,0,0,0,0,0,0,0,0,0,0,0,0,0,0,0,0,0,0,0,0,-16,-3,-17,-4,-18,-4,-19,-5,-19,-5,-20,-6,-20,-7,-21,-9,-21,-10,-22,-10,-22,-12,-22,-14,-22,-13,-22,-13,-22,-14,-22,-15,-23,-14,-23,-13,-23,-13,-24,-14,-23,-14,-24,-14,-25,-14,-25,-14,-26,-12,-27,-11]
CSI_DATA,111,5121,-49,128,[83,-80,4,0,24,-6,23,-7,22,-8,21,-10,19,-12,19,-12,19,-11,18,-12,17,-12,17,-13,16,-14,17,-12,17,-13,17,MOTION,5972,-57,1.55,0
-12,18,-10,18,-10,17,-10,17,-9,17,-8,17,-7,17,-7,17,-7,17,-6,16,-6,17,-4,0,0,0,0,0,0,0,0,0,0,0,0,0,0,0,0,0,0,0,0,0,0,14,-8,14,-7,15,-7,16,-7,17,-7,18,-6,19,-6,19,-5,21,-4,21,-4,23,-3,23,-2,23,-2,23,-2,23,-1,23,-1,23,0,24,-1,24,-1,24,-2,24,-2,25,-3,24,-3,26,-3,26,-4,25,-4]
CSI_DATA,112,5140,-50,128,[83,-80,4,0,-19,-19,-17,-20,-18,-18,-17,-18,-17,-16,-18,-15,-20,-11,-19,-14,-18,-13,-20,-10,-19,-11,-20,-9,-20,-10,-18,-12,-18,-12,-17,-12,-16,-14,-17,-13,-16,-12,-16,-11,-15,-11,-14,-12,-13,-13,-11,-14,-9,-16,0,0,0,0,0,0,0,0,0,0,0,0,0,0,0,0,0,0,0,0,0,0,-14,-10,-14,-11,-13,-13,-14,-14,-13,-15,-14,-16,-13,-18,-12,-19,-10,-21,-11,-21,-12,-22,-12,-23,-13,-21,-13,-21,-12,-22,-13,-21,-9,-24,-3,-24,-7,-25,-4,-23,-6,-24,-13,-22,-12,-24,-10,-25,-17,-22,-17,-23]
CSI_DATA,113,5177,-45,128,[83,-80,4,0,4,-10,2,-11,2,-10,1,-11,1,-10,0,-10,1,-10,0,-10,0,-10,1,-9,0,-9,0,-9,-1,-9,-1,-9,-2,-9,0,-9,-1,-9,0,-9,0,-9,0,-8,0,-8,1,-8,0,-8,1,-8,2,-8,0,0,0,0,0,0,0,0,0,0,0,0,0,0,0,0,0,0,0,0,0,0,1,-7,2,-7,2,-7,2,-8,3,-8,1,-9,2,-9,1,-9,1,-9,3,-10,4,-9,5,-10,5,-9,6,-9,5,-9,3,-10,3,-10,3,-10,5,-10,5,-10,4,-10,5,-10,7,-8,6,-10,5,-11,5,-11]
CSI_DATA,114,5223,-51,128,[83,-80,4,0,24,-2,24,0,22,0,23,-2,22,-1,20,-8,19,-8,21,-7,18,-12,16,-15,20,-6,20,-5,20,-9,19,-10,19,-9,18,-8,18,-3,17,-5,17,-7,18,-8,19,-5,19,-3,18,-3,16,1,15,3,0,0,0,0,0,0,0,0,0,0,0,0,0,0,0,0,0,0,0,0,0,0,16,-1,17,0,17,0,19,1,19,1,20,2,20,3,21,4,21,5,22,6,23,8,23,9,23,10,23,9,23,9,23,8,23,10,23,9,24,8,23,8,24,7,25,4,24,8,25,6,26,4,26,5]
MOTION,6103,-57,1.47,0
CSI_DATA,115,5242,-50,128,[83,-80,4,0,-25,-5,-26,1,-24,-4,-24,-3,-24,1,-23,1,-22,4,-22,4,-22,4,-22,4,-21,5,-21,5,-20,9,-20,8,-19,7,-20,7,-19,6,-19,4,-19,3,-18,4,-18,3,-18,1,-18,1,-17,-1,-17,-2,0,0,0,0,0,0,0,0,0,0,0,0,0,0,0,0,0,0,0,0,0,0,-16,2,-16,2,-17,1,-18,1,-19,1,-20,0,-21,-1,-21,-1,-22,-2,-23,-2,-24,-3,-24,-5,-24,-7,-24,-4,-23,-8,-24,-6,-24,-6,-25,-6,-24,-9,-25,-5,-25,-7,-25,-5,-26,-7,-26,-6,-23,-12,-25,-7]
CSI_DATA,116,5294,-49,128,[83,-80,4,0,25,-10,23,-10,22,-13,18,-15,20,-14,19,-14,19,-14,18,-14,18,-14,18,-15,18,-14,17,-15,17,-15,16,-16,17,-15,18,-14,17,-13,18,-11,18,-10,18,-9,18,-8,18,-8,18,-6,18,-5,18,-3,0,0,0,0,0,0,0,0,0,0,0,0,0,0,0,0,0,0,0,0,0,0,14,-9,14,-9,16,-9,17,-8,19,-7,19,-7,20,-6,21,-6,21,-5,24,-5,24,-4,25,-3,24,-2,24,-2,24,-1,26,-2,24,-1,25,-1,25,-2,25,-3,25,-3,26,-4,26,-4,27,-5,27,-4,26,-5]
CSI_DATA,117,5324,-45,128,[83,-80,4,0,9,-2,11,-1,9,-1,10,-5,8,-3,8,-5,9,-4,8,-1,7,0,8,0,8,0,8,-2,8,-5,7,-4,8,-5,7,-5,9,-5,7,-3,7,-4,7,-3,7,-1,7,-1,8,-1,8,-1,8,0,0,0,0,0,0,0,0,0,0,0,0,0,0,0,0,0,0,0,0,0,0,0,6,-2,7,-2,6,-2,8,-2,7,-2,9,-1,9,-2,9,-2,9,-1,9,1,10,MOTION,6202,-57,1.43,0
1,10,2,10,2,10,2,11,2,9,2,11,3,9,2,11,2,10,0,10,0,10,-1,10,0,11,2,11,1,12,1]
CSI_DATA,118,5363,-45,128,[83,-80,4,0,-12,3,-11,4,-11,4,-11,4,-9,5,-10,4,-9,4,-9,4,-9,4,-9,5,-8,5,-8,5,-8,5,-8,4,-8,3,-9,4,-8,3,-8,3,-8,2,-8,2,-8,2,-8,2,-8,1,-8,1,-8,1,0,0,0,0,0,0,0,0,0,0,0,0,0,0,0,0,0,0,0,0,0,0,-6,4,-6,4,-7,4,-7,4,-7,4,-8,3,-9,4,-9,3,-10,2,-10,2,-11,2,-11,2,-10,3,-11,2,-11,2,-11,1,-11,0,-12,1,-12,0,-12,-1,-12,1,-11,3,-12,2,-11,4,-12,4,-11,4]
CSI_DATA,119,5395,-49,128,[83,-80,4,0,11,22,11,22,14,20,15,18,15,17,15,16,16,15,15,16,16,15,17,13,16,13,16,13,17,12,16,13,16,13,15,14,15,14,14,14,13,14,13,14,12,14,11,14,10,15,8,15,7,15,0,0,0,0,0,0,0,0,0,0,0,0,0,0,0,0,0,0,0,0,0,0,10,12,11,13,10,14,10,15,10,16,10,18,10,19,10,19,10,20,9,21,8,23,8,24,5,24,5,24,5,24,5,24,5,25,6,24,5,24,7,25,6,24,9,24,8,25,9,25,9,25,9,25]
CSI_DATA,120,5437,-50,128,[83,-80,4,0,-25,5,-26,5,-23,6,-23,8,-21,11,-20,12,-20,11,-20,11,-19,12,-19,11,-19,12,-19,11,-19,13,-18,12,-18,11,-18,11,-18,10,-17,11,-18,9,-17,10,-18,8,-18,6,-18,5,-18,4,-18,3,0,0,0,0,0,0,0,0,0,0,0,0,0,0,0,0,0,0,0,0,0,0,-14,6,-16,6,-16,6,-18,6,-18,5,-20,5,-19,6,-21,5,-21,4,-23,3,-25,1,-24,-1,-25,-2,-25,-2,-25,-3,-24,-4,-25,-2,-24,-2,-25,-1,-25,-2,-26,1,-26,MOTION,6302,-58,1.34,0
0,-26,0,-27,1,-27,1,-27,1]
CSI_DATA,121,5481,-44,128,[83,-80,4,0,-11,3,-10,4,-10,4,-9,6,-8,6,-8,6,-7,6,-7,6,-7,6,-6,7,-6,7,-6,7,-6,7,-6,6,-6,6,-7,7,-6,6,-6,6,-6,6,-7,5,-7,5,-7,4,-7,4,-7,4,-7,3,0,0,0,0,0,0,0,0,0,0,0,0,0,0,0,0,0,0,0,0,0,0,-7,2,-7,1,-8,1,-8,1,-8,2,-9,1,-9,2,-9,1,-10,0,-11,1,-11,0,-11,-1,-11,0,-11,-1,-11,-1,-11,-1,-11,-2,-11,-1,-12,-2,-12,-2,-11,-2,-11,-2,-11,-3,-11,-4,-12,0,-12,-1]
CSI_DATA,122,5530,-49,128,[83,-80,4,0,19,14,20,12,20,10,20,9,19,10,20,5,20,7,19,8,20,4,18,8,19,6,19,5,19,4,20,2,19,3,18,5,19,3,17,6,16,6,16,7,16,5,15,4,15,6,15,5,13,8,0,0,0,0,0,0,0,0,0,0,0,0,0,0,0,0,0,0,0,0,0,0,14,6,14,7,14,8,15,9,15,10,16,11,15,12,15,13,15,14,15,15,16,16,15,17,14,17,15,18,14,18,15,18,14,19,14,18,15,17,15,18,16,17,17,17,17,18,18,17,19,16,19,16]
CSI_DATA,123,5540,-48,128,[83,-80,4,0,-5,-26,-7,-25,-9,-24,-6,-24,-8,-22,-11,-21,-10,-21,-13,-19,-14,-18,-16,-17,-14,-18,-15,-17,-12,-19,-13,-19,-12,-19,-12,-18,-8,-20,-11,-18,-9,-19,-9,-18,-7,-19,-7,-18,-5,-19,-3,-18,-4,-18,0,0,0,0,0,0,0,0,0,0,0,0,0,0,0,0,0,0,0,0,0,0,-7,-15,-7,-16,-7,-17,-7,-18,-6,-19,-6,-20,-4,-21,-4,-22,-3,-23,-2,-24,-2,-25,-1,-26,0,-25,0,-25,1,-25,1,-26,2,-25,2,-26,3,-25,2,-26,2,-25,1,-26,0,-27,1,-27,-1,-27,-1,-27]
CSI_DATA,124,5582,-48,128,[83,-80,4,0,-24,-12,-24,-11,-23,-12,-22,-10,-23,-8,-23,-7,-22,-6,-23,-6,-22,-6,-23,-5,-22,-4,-22,-3,-22,-3,-22,-4,-21,-4,-22,-4,-20,-4,-20,-5,-19,-5,-19,-6,-18,-6,-17,-7,-17,-7,-16,-8,-14,-9,0,0,0,0,0,0,0,0,0,0,0,0,0,0,0,0,0,0,0,0,0,0,-15,-6,-15,-7,-16,-8,-17,-8,-17,-9,-17,-11,-18,-11,-17,-12,-17,-14,-18,-14,-19,-15,-19,-17,-18,-16,-18,-17,-18,-17,-19,-18,-18,MOTION,6443,-57,1.18,0
-18,-18,-17,-18,-17,-19,-17,-19,-17,-19,-17,-20,-18,-22,-16,-22,-17,-22,-17]
CSI_DATA,125,5614,-50,128,[83,-80,4,0,3,-25,4,-25,3,-24,2,-24,2,-23,0,-23,-2,-22,-3,-22,-3,-22,-5,-22,-3,-21,-4,-21,-5,-21,-4,-21,-4,-21,-3,-21,-3,-20,-2,-20,-1,-20,-1,-19,0,-19,1,-19,1,-18,2,-18,3,-17,0,0,0,0,0,0,0,0,0,0,0,0,0,0,0,0,0,0,0,0,0,0,-1,-16,-1,-17,0,-17,0,-18,2,-18,2,-19,2,-20,3,-20,5,-21,5,-22,6,-22,7,-23,8,-22,9,-22,9,-22,9,-22,9,-22,9,-23,8,-23,7,-23,8,-23,7,-24,8,-25,8,-25,8,-25,6,-26]
CSI_DATA,126,5668,-48,128,[83,-80,4,0,-15,21,-13,22,-12,21,-10,21,-10,21,-9,21,-7,21,-5,21,-5,20,-6,21,-5,20,-6,19,-4,21,-5,20,-6,19,-7,19,-6,19,-6,17,-7,17,-8,16,-8,15,-9,14,-9,14,-8,14,-10,13,0,0,0,0,0,0,0,0,0,0,0,0,0,0,0,0,0,0,0,0,0,0,-3,14,-4,14,-5,15,-6,16,-7,16,-8,16,-10,16,-10,16,-11,16,-12,17,-14,18,-14,18,-15,17,-15,17,-15,17,-15,18,-15,18,-15,17,-15,18,-13,20,-13,20,-16,18,-13,21,-14,22,-13,23,-14,22]
CSI_DATA,127,5695,-45,128,[83,-80,4,0,-6,10,-5,9,-5,9,-4,9,-5,8,-5,9,-5,8,-5,8,-4,8,-3,8,-3,8,-3,8,-3,8,-3,8,-3,8,-3,8,-2,8,-3,7,-4,7,-4,7,-4,6,-4,6,-4,6,-4,6,-4,5,0,0,0,0,0,0,0,0,0,0,0,0,0,0,0,0,0,0,0,0,0,0,-2,6,-3,6,-3,6,-4,6,-4,6,-4,6,-5,7,-5,6,-6,7,-6,7,MOTION,6553,-57,0.97,0
-6,7,-7,8,-7,7,-7,7,-7,7,-8,7,-8,7,-7,7,-8,7,-8,7,-7,8,-8,8,-8,8,-7,9,-7,9,-7,9]
CSI_DATA,128,5736,-50,128,[83,-80,4,0,-9,-27,-16,-23,-12,-25,-17,-20,-15,-21,-17,-19,-16,-20,-12,-23,-10,-23,-3,-23,-6,-22,-2,-21,-13,-17,-12,-20,-10,-19,-17,-13,-16,-17,-14,-17,-12,-18,-13,-18,-8,-18,-7,-19,-6,-18,-5,-18,-3,-17,0,0,0,0,0,0,0,0,0,0,0,0,0,0,0,0,0,0,0,0,0,0,-4,-17,-4,-17,-4,-18,-3,-19,-3,-20,-3,-21,-2,-21,-1,-22,-1,-23,0,-24,1,-25,1,-26,2,-25,2,-26,2,-26,1,-26,2,-26,1,-27,1,-27,2,-27,1,-27,-2,-27,-2,-29,-2,-29,-4,-29,-5,-29]
CSI_DATA,129,5771,-49,128,[83,-80,4,0,-15,-22,-16,-20,-18,-19,-18,-17,-18,-16,-19,-15,-18,-14,-19,-14,-20,-12,-19,-12,-19,-12,-20,-10,-20,-10,-20,-11,-20,-11,-19,-11,-19,-12,-18,-11,-18,-12,-16,-11,-16,-12,-15,-13,-14,-13,-13,-14,-12,-15,0,0,0,0,0,0,0,0,0,0,0,0,0,0,0,0,0,0,0,0,0,0,-12,-13,-11,-14,-11,-15,-12,-16,-11,-17,-12,-18,-11,-19,-11,-20,-9,-22,-9,-23,-9,-24,-8,-25,-8,-24,-8,-24,-8,-24,-9,-24,-8,-25,-8,-25,-9,-25,-9,-25,-11,-24,-12,-24,-11,-25,-14,-24,-13,-24,-12,-25]
CSI_DATA,130,5796,-50,128,[83,-80,4,0,15,20,15,19,16,18,16,17,15,16,16,15,15,16,17,15,17,14,18,13,17,12,17,12,17,12,17,13,17,13,16,MOTION,6652,-58,0.96,0
13,15,13,15,13,14,14,13,14,13,13,12,14,11,14,10,14,9,15,0,0,0,0,0,0,0,0,0,0,0,0,0,0,0,0,0,0,0,0,0,0,11,8,11,10,10,10,12,11,12,11,9,16,9,17,10,17,12,17,11,19,11,20,13,19,11,17,9,20,7,22,5,23,-1,22,8,23,5,22,7,22,8,21,10,22,6,24,13,23,13,23,13,22]
CSI_DATA,131,5838,-49,128,[83,-80,4,0,-15,9,-14,10,-13,10,-12,10,-12,10,-11,11,-11,11,-10,11,-10,11,-8,12,-10,10,-9,11,-8,11,-9,10,-9,9,-9,11,-9,9,-9,9,-8,9,-9,9,-9,8,-9,7,-10,7,-8,8,-10,5,0,0,0,0,0,0,0,0,0,0,0,0,0,0,0,0,0,0,0,0,0,0,-8,8,-8,7,-9,7,-10,7,-10,8,-11,8,-12,7,-12,7,-13,7,-14,7,-15,6,-15,6,-15,6,-15,6,-15,6,-15,6,-15,6,-16,6,-15,6,-16,7,-15,7,-15,8,-16,8,-16,8,-16,9,-15,9]
CSI_DATA,132,5882,-47,128,[83,-80,4,0,16,-3,16,-3,15,-4,14,-5,13,-7,13,-7,13,-7,12,-7,12,-7,11,-8,11,-8,10,-9,10,-9,10,-8,11,-7,11,-7,11,-5,10,-5,10,-5,10,-4,10,-5,10,-3,10,-3,10,-2,10,-2,0,0,0,0,0,0,0,0,0,0,0,0,0,0,0,0,0,0,0,0,0,0,8,-5,9,-4,10,-4,10,-5,11,-4,11,-3,11,-3,12,-3,13,-2,14,-3,14,-2,14,-2,14,-2,15,-1,15,-1,15,-1,15,0,15,0,15,-1,16,-1,15,-2,16,-2,16,-1,17,-3,17,-3,17,-3]
CSI_DATA,133,5898,-49,128,[83,-80,4,0,7,25,7,24,9,23,10,21,12,19,13,18,12,19,15,16,12,18,11,19,11,17,13,15,11,17,15,14,13,16,11,16,10,17,9,17,8,17,7,17,6,17,5,17,5,16,4,16,3,16,0,0,0,0,0,0,0,0,0,0,0,0,0,0,0,0,0,0,0,0,0,0,10,12,9,13,8,14,9,16,8,17,8,18,7,18,7,19,7,20,7,21,6,22,6,23,5,22,4,23,3,23,3,24,3,24,1,24,2,24,2,24,1,24,3,25,4,26,6,25,5,26,11,24]
CSI_DATA,134,5940,-48,128,[83,-80,4,0,-18,5,-18,5,-17,6,-16,6,-15,6,-15,7,-15,6,-14,8,-14,8,-14,7,-14,8,-14,8,-14,7,-13,7,-13,7,-12,MOTION,6783,-57,0.93,0
9,-12,8,-13,7,-13,6,-12,7,-10,7,-11,7,-12,5,-12,4,-12,2,0,0,0,0,0,0,0,0,0,0,0,0,0,0,0,0,0,0,0,0,0,0,-11,4,-11,4,-12,4,-12,4,-13,3,-13,3,-14,2,-15,2,-15,1,-17,2,-17,1,-17,0,-17,0,-17,-1,-17,-2,-18,-1,-17,-1,-18,-1,-17,0,-18,0,-18,1,-18,1,-19,0,-19,1,-19,3,-18,3]
CSI_DATA,135,5975,-50,128,[83,-80,4,0,7,23,9,23,13,19,11,21,13,19,13,18,15,16,14,16,14,16,16,15,13,16,14,16,12,16,14,15,13,15,11,16,9,17,9,16,10,16,12,15,10,15,11,13,9,15,8,15,7,16,0,0,0,0,0,0,0,0,0,0,0,0,0,0,0,0,0,0,0,0,0,0,8,13,8,13,7,15,6,17,5,18,3,20,3,20,1,20,1,21,-2,22,-1,23,-1,23,-3,22,-1,23,0,23,2,23,-2,23,0,24,-1,24,-1,24,2,24,2,24,5,24,6,26,4,25,2,25]
CSI_DATA,136,6014,-49,128,[83,-80,4,0,15,20,19,15,18,15,19,12,19,12,17,13,17,14,19,11,18,11,17,11,19,8,19,9,18,9,17,10,17,10,17,8,16,9,16,8,15,9,15,10,14,11,13,11,12,10,11,12,9,12,0,0,0,0,0,0,0,0,0,0,0,0,0,0,0,0,0,0,0,0,0,0,10,10,10,11,10,12,10,13,11,14,11,14,10,15,11,17,11,17,12,17,13,18,13,18,14,16,13,18,13,19,10,21,11,20,11,20,11,20,15,17,14,19,13,20,12,22,11,22,10,23,8,23]
CSI_DATA,137,6055,-48,128,[83,-80,4,0,17,-1,17,-3,17,-2,16,-3,16,-2,16,-4,15,-5,15,-2,15,-3,15,-4,14,-4,14,-4,14,-4,14,-4,14,-4,14,MOTION,6883,-55,1.01,0
-4,14,-3,13,-3,13,-2,13,-2,12,-1,12,0,13,1,12,2,12,3,0,0,0,0,0,0,0,0,0,0,0,0,0,0,0,0,0,0,0,0,0,0,10,-2,10,-1,11,-1,12,-1,12,0,13,0,13,1,13,1,14,1,15,2,16,3,16,4,15,5,15,5,14,6,16,5,15,5,15,5,16,5,16,6,15,5,16,4,17,4,18,4,18,3,18,1]
CSI_DATA,138,6084,-50,128,[83,-80,4,0,-5,25,-5,25,-3,25,-2,24,-1,24,1,23,1,23,1,23,4,23,4,22,5,21,4,21,3,21,3,22,3,22,3,21,3,22,1,21,0,21,-1,20,-2,19,-2,19,-2,18,-5,18,-5,17,0,0,0,0,0,0,0,0,0,0,0,0,0,0,0,0,0,0,0,0,0,0,-1,16,-1,16,-2,17,-2,18,-2,19,-5,20,-5,21,-6,20,-6,21,-7,22,-8,23,-8,23,-10,22,-9,22,-10,22,-10,23,-10,23,-9,23,-10,23,-12,23,-12,22,-7,24,-7,26,-9,26,-6,26,-8,26]
CSI_DATA,139,6116,-49,128,[83,-80,4,0,-14,22,-11,21,-10,24,-9,23,-9,22,-7,22,-7,22,-7,21,-6,23,-3,22,-2,21,-4,20,-4,19,-2,22,-2,20,-5,21,-4,20,-5,19,-6,19,-8,17,-7,16,-8,16,-8,16,-8,15,-9,13,0,0,0,0,0,0,0,0,0,0,0,0,0,0,0,0,0,0,0,0,0,0,-6,14,-7,14,-8,15,-9,14,-11,15,-11,14,-11,17,-13,15,-12,17,-15,17,-15,17,-18,15,-18,16,-18,16,-18,13,-18,17,-16,16,-18,17,-19,14,-20,16,-19,16,-19,17,-21,17,-20,18,-19,18,-17,18]
CSI_DATA,140,6154,-48,128,[83,-80,4,0,16,19,17,19,17,18,18,15,18,14,21,10,21,9,21,8,20,9,21,9,20,9,19,11,21,8,21,9,20,9,19,8,19,9,MOTION,6982,-56,1.01,0
17,12,16,12,16,12,15,12,15,12,13,13,12,14,9,15,0,0,0,0,0,0,0,0,0,0,0,0,0,0,0,0,0,0,0,0,0,0,11,10,12,11,12,11,12,13,11,14,12,14,12,15,12,16,12,17,11,18,11,20,11,21,12,19,12,19,10,20,11,21,10,22,10,22,8,22,11,21,10,21,11,22,12,22,14,22,15,22,15,21]
CSI_DATA,141,6186,-48,128,[83,-80,4,0,10,25,14,22,13,22,13,21,11,21,13,20,13,20,17,16,16,17,15,18,16,16,17,15,16,16,15,17,15,17,13,17,13,17,12,17,12,17,11,16,10,16,9,17,8,16,7,17,5,17,0,0,0,0,0,0,0,0,0,0,0,0,0,0,0,0,0,0,0,0,0,0,9,12,9,12,6,14,9,13,8,16,9,16,9,16,10,17,8,20,7,21,7,21,7,21,8,20,3,22,6,22,4,24,9,22,6,24,5,24,7,24,5,24,9,24,2,25,6,25,12,24,9,26]
CSI_DATA,142,6215,-48,128,[83,-80,4,0,-23,-16,-24,-14,-24,-13,-23,-12,-23,-11,-22,-11,-22,-10,-23,-9,-23,-8,-23,-8,-23,-6,-23,-6,-23,-6,-22,-7,-22,-7,-22,-6,-21,-7,-20,-7,-19,-8,-19,-8,-19,-9,-18,-9,-17,-9,-16,-10,-15,-11,0,0,0,0,0,0,0,0,0,0,0,0,0,0,0,0,0,0,0,0,0,0,-15,-8,-15,-9,-15,-10,-17,-11,-17,-12,-17,-12,-17,-14,-17,-14,-17,-16,-18,-17,-18,-19,-18,-20,-17,-18,-17,-20,-16,-19,-17,-21,-17,-21,-17,-20,-18,-18,-18,-20,-18,-20,-18,-20,-20,-20,-21,-20,-22,-19,-20,-20]
CSI_DATA,143,6255,-46,128,[83,-80,4,0,7,-9,7,-9,6,-9,6,-9,3,-10,3,-10,1,-10,2,-10,2,-10,2,-10,3,-10,3,-10,3,-9,2,-10,3,-10,4,-9,3,-9,3,-9,4,-8,4,-8,4,-8,5,-7,5,-7,5,-7,5,-6,0,0,0,0,0,0,0,0,0,0,0,0,0,0,0,0,0,0,0,0,0,0,3,-7,3,-7,4,-7,4,-7,4,-7,5,-7,5,-7,6,-7,6,-7,7,-7,8,-7,7,-8,7,-8,8,-7,9,-6,9,-6,9,-6,9,-6,9,-7,9,-7,9,-7,9,-8,9,-7,9,-8,9,-8,9,-8]
CSI_DATA,144,6299,-48,128,[83,-80,4,0,-11,-26,-10,-26,-9,-26,-7,-26,-12,-23,-12,-23,-9,-24,-13,-22,-14,-21,-14,-22,-14,-20,-13,-20,MOTION,7123,-57,1.01,0
-11,-21,-14,-20,-13,-21,-13,-19,-12,-20,-11,-20,-10,-20,-9,-19,-9,-19,-9,-18,-8,-18,-7,-18,-6,-18,0,0,0,0,0,0,0,0,0,0,0,0,0,0,0,0,0,0,0,0,0,0,-4,-17,-5,-17,-5,-18,-7,-19,-7,-19,-8,-20,-2,-22,-5,-22,-5,-22,-2,-24,-1,-25,2,-26,2,-25,0,-26,3,-26,0,-27,-4,-27,4,-26,5,-26,5,-26,7,-25,9,-25,11,-22,5,-27,0,-28,-2,-28]
CSI_DATA,145,6318,-48,128,[83,-80,4,0,-25,-9,-24,-8,-24,-8,-24,-5,-24,-4,-24,-3,-24,-2,-24,-2,-24,-2,-24,-1,-23,0,-23,-1,-23,0,-24,-2,-24,-2,-24,-2,-23,-3,-22,-4,-22,-3,-21,-4,-21,-4,-20,-5,-19,-7,-18,-8,-17,-9,0,0,0,0,0,0,0,0,0,0,0,0,0,0,0,0,0,0,0,0,0,0,-16,-4,-16,-5,-17,-6,-18,-7,-18,-8,-18,-9,-18,-10,-18,-11,-19,-12,-19,-13,-20,-15,-19,-16,-18,-15,-18,-16,-18,-16,-19,-17,-19,-16,-19,-16,-19,-15,-20,-15,-20,-14,-21,-14,-21,-15,-23,-14,-23,-13,-23,-13]
CSI_DATA,146,6358,-47,128,[83,-80,4,0,12,24,14,21,15,21,16,19,15,18,17,16,16,17,17,16,17,15,17,17,15,17,16,16,16,16,17,16,15,16,16,15,14,16,13,16,12,17,11,16,11,15,10,17,8,16,8,17,6,16,0,0,0,0,0,0,0,0,0,0,0,0,0,0,0,0,0,0,0,0,0,0,11,12,10,13,10,14,10,15,10,16,9,17,9,19,9,19,9,20,9,21,9,22,8,23,7,23,7,23,6,23,6,24,6,24,MOTION,7222,-57,1.01,0
6,25,6,24,7,24,7,24,9,24,10,25,11,25,11,25,10,25]
CSI_DATA,147,6397,-49,128,[83,-80,4,0,15,9,14,9,15,8,15,7,15,6,14,6,14,6,15,3,15,0,15,1,14,0,15,2,14,4,14,5,14,4,14,5,13,4,12,6,12,6,11,6,11,6,10,7,10,7,9,7,9,8,0,0,0,0,0,0,0,0,0,0,0,0,0,0,0,0,0,0,0,0,0,0,8,7,8,8,8,8,8,9,8,10,8,10,8,11,8,11,9,11,8,12,10,12,8,14,7,13,8,14,9,13,9,13,10,13,10,13,10,14,13,9,10,13,7,15,8,16,5,17,6,16,7,17]
CSI_DATA,148,6442,-48,128,[83,-80,4,0,-8,25,-6,25,-4,25,-5,25,1,24,4,22,4,22,-1,24,1,22,1,23,0,22,-1,22,7,20,4,21,5,21,2,21,1,22,3,20,0,20,0,20,-2,19,-1,18,-5,18,-6,17,-5,17,0,0,0,0,0,0,0,0,0,0,0,0,0,0,0,0,0,0,0,0,0,0,-2,16,-2,16,-4,17,-5,18,-6,18,-6,19,-7,19,-7,20,-9,20,-10,21,-11,22,-12,22,-13,21,-13,21,-14,21,-13,21,-14,21,-13,21,-15,21,-14,22,-13,22,-12,23,-12,24,-12,25,-11,25,-10,25]
CSI_DATA,149,6463,-49,128,[83,-80,4,0,22,16,21,16,24,12,23,11,23,9,22,8,23,6,23,6,23,5,23,4,23,3,22,4,21,5,22,4,21,6,20,6,20,7,19,7,19,7,18,7,17,7,16,8,15,9,14,10,12,11,0,0,0,0,0,0,0,0,0,0,0,0,0,0,0,0,0,0,0,0,0,0,14,6,14,7,14,7,15,8,15,10,16,11,17,11,17,11,17,13,18,13,18,15,18,16,17,16,17,16,17,17,17,17,17,18,18,18,18,18,19,17,19,18,20,17,21,17,21,18,22,17,23,17]
MOTION,7323,-56,0.95,0
CSI_DATA,150,6509,-48,128,[83,-80,4,0,14,-24,13,-24,12,-23,9,-25,8,-24,7,-24,3,-24,3,-24,2,-24,3,-25,5,-24,3,-25,4,-25,4,-25,4,-25,6,-24,6,-23,6,-22,7,-22,7,-21,8,-20,8,-20,9,-19,10,-17,11,-16,0,0,0,0,0,0,0,0,0,0,0,0,0,0,0,0,0,0,0,0,0,0,5,-16,3,-16,7,-17,10,-16,11,-16,11,-18,12,-18,10,-19,12,-19,11,-20,14,-20,17,-19,18,-17,19,-18,18,-17,20,-16,18,-18,15,-20,19,-15,20,-16,15,-20,19,-18,19,-17,22,-16,20,-19,18,-21]
CSI_DATA,151,6535,-48,128,[83,-80,4,0,-25,-14,-25,-12,-26,-9,-24,-12,-23,-11,-23,-10,-24,-7,-25,-7,-24,-5,-24,-5,-24,-3,-24,-4,-24,-3,-24,-5,-24,-5,-23,-5,-22,-6,-22,-6,-21,-7,-20,-7,-20,-7,-19,-8,-19,-9,-17,-10,-16,-11,0,0,0,0,0,0,0,0,0,0,0,0,0,0,0,0,0,0,0,0,0,0,-15,-8,-16,-7,-17,-9,-19,-9,-17,-11,-17,-13,-18,-13,-17,-15,-18,-16,-18,-17,-20,-18,-20,-19,-19,-18,-19,-18,-17,-20,-17,-21,-18,-21,-18,-21,-19,-19,-18,-21,-18,-20,-20,-20,-20,-21,-20,-21,-21,-20,-20,-21]
CSI_DATA,152,6583,-45,128,[83,-80,4,0,-8,9,-4,11,-4,10,-5,10,-1,10,-4,10,-3,10,-4,9,-2,9,-5,9,-4,9,-3,9,-2,10,-2,9,-2,9,-1,9,-3,9,-3,8,-4,8,-4,8,-3,8,-4,8,-3,7,-4,7,-4,7,0,0,0,0,0,0,0,0,0,0,0,0,0,0,0,0,0,0,0,0,0,0,-5,6,-6,5,-6,5,-7,4,-8,4,-7,5,-7,6,-7,6,-7,7,-8,6,-10,5,-11,4,-11,4,-11,0,-11,-2,-11,0,-12,2,-11,3,-11,2,-11,5,-8,7,-10,6,-11,4,-11,6,-11,6,-12,3]
CSI_DATA,153,6616,-49,128,[83,-80,4,0,12,20,15,18,12,20,11,19,13,18,13,16,15,15,15,15,17,12,15,14,15,13,16,12,17,11,16,13,17,10,14,13,13,14,14,13,13,13,14,10,12,13,10,14,10,13,8,14,6,15,0,0,0,0,0,0,0,0,0,0,0,0,0,0,0,0,0,0,0,0,0,0,10,11,10,12,10,12,10,14,9,15,10,16,10,17,9,18,9,19,8,20,8,21,8,22,7,21,6,22,5,22,5,23,5,23,6,22,6,23,6,23,7,22,9,22,9,23,10,23,10,23,11,23]
MOTION,7463,-56,0.94,0
CSI_DATA,154,6661,-47,128,[83,-80,4,0,31,7,24,3,30,3,21,3,25,0,25,-2,24,-3,25,-3,26,-5,23,-5,22,-8,24,-5,21,-6,26,-6,19,-7,25,-7,18,-5,21,-5,21,-3,20,-5,21,-2,22,-1,19,0,19,2,17,3,0,0,0,0,0,0,0,0,0,0,0,0,0,0,0,0,0,0,0,0,0,0,17,3,14,3,20,5,16,5,21,7,16,6,19,6,21,6,20,9,25,10,22,11,23,12,21,12,22,13,19,11,24,17,19,12,25,15,19,10,24,10,25,8,26,10,29,11,27,9,28,10,26,8]
CSI_DATA,155,6692,-48,128,[83,-80,4,0,-21,-14,-21,-13,-21,-12,-21,-10,-21,-8,-21,-7,-21,-7,-21,-6,-21,-6,-21,-6,-21,-5,-21,-4,-21,-4,-21,-5,-21,-5,-21,-5,-20,-5,-20,-5,-19,-5,-19,-5,-19,-5,-18,-6,-18,-7,-16,-9,-15,-9,0,0,0,0,0,0,0,0,0,0,0,0,0,0,0,0,0,0,0,0,0,0,-14,-8,-14,-8,-15,-9,-16,-10,-15,-11,-16,-12,-17,-12,-15,-14,-16,-14,-16,-16,-15,-18,-14,-20,-15,-18,-15,-18,-16,-17,-16,-19,-16,-17,-16,-18,-18,-16,-18,-16,-18,-15,-18,-15,-18,-17,-18,-19,-19,-18,-18,-17]
CSI_DATA,156,6721,-49,128,[83,-80,4,0,5,24,6,24,7,23,7,22,8,21,9,19,9,19,10,19,9,18,10,18,10,17,10,17,10,17,10,17,10,17,9,17,8,17,8,16,7,17,6,16,5,16,5,16,4,16,3,16,2,15,0,0,0,0,0,0,0,0,0,0,0,0,0,0,0,0,0,0,0,0,0,0,5,14,5,15,4,16,4,17,3,17,3,19,3,19,2,20,1,21,0,22,0,23,0,23,-1,23,-2,23,-2,23,-3,24,-3,24,-3,24,-2,24,-1,24,-1,25,0,25,1,26,1,26,2,26,3,26]
CSI_DATA,157,6759,-48,128,[MOTION,7573,-57,0.81,0
83,-80,4,0,14,20,11,22,13,19,12,18,12,18,13,17,16,15,18,13,13,15,18,11,18,10,18,11,18,12,18,13,18,14,16,13,16,13,14,15,15,14,14,14,11,15,13,13,13,12,10,15,10,13,0,0,0,0,0,0,0,0,0,0,0,0,0,0,0,0,0,0,0,0,0,0,12,11,12,13,11,13,12,15,11,16,12,17,11,17,11,19,10,20,10,21,11,22,10,24,7,23,7,24,6,24,7,24,4,25,7,24,7,24,6,24,7,24,8,24,8,25,8,25,11,24,13,22]
CSI_DATA,158,6778,-45,128,[83,-80,4,0,-8,-10,-7,-10,-8,-9,-8,-9,-8,-8,-8,-8,-7,-8,-9,-7,-8,-6,-9,-6,-9,-6,-9,-6,-8,-6,-8,-7,-9,-6,-8,-6,-8,-7,-7,-7,-6,-7,-7,-6,-5,-7,-5,-7,-5,-7,-5,-7,-4,-7,0,0,0,0,0,0,0,0,0,0,0,0,0,0,0,0,0,0,0,0,0,0,-6,-5,-6,-5,-6,-6,-6,-6,-6,-7,-6,-7,-6,-8,-5,-9,-5,-9,-5,-9,-5,-10,-6,-10,-4,-10,-5,-10,-5,-10,-5,-11,-5,-11,-4,-11,-5,-11,-6,-10,-4,-11,-4,-11,-6,-11,-7,-10,-8,-10,-7,-11]
CSI_DATA,159,6820,-47,128,[83,-80,4,0,23,-10,22,-11,21,-12,19,-13,18,-14,18,-13,16,-15,15,-16,15,-16,14,-16,15,-15,14,-17,15,-15,14,-16,15,-14,16,-14,16,-13,16,-11,16,-11,16,-9,16,-9,17,-9,16,-9,16,-8,15,-8,0,0,0,0,0,0,0,0,0,0,0,0,0,0,0,0,0,0,0,0,0,0,12,-11,13,-11,14,-11,15,-11,16,-10,17,-10,18,-9,19,-8,21,-8,22,-7,23,-6,23,-6,23,-5,24,-4,24,-3,23,-2,23,-3,24,-2,24,-2,24,-4,24,-4,25,MOTION,7673,-55,0.81,0
-5,25,-6,25,-6,25,-8,24,-8]
CSI_DATA,160,6863,-47,128,[83,-80,4,0,-7,15,-4,16,-3,15,-2,15,0,15,-3,15,1,14,1,14,1,14,1,14,1,14,0,14,0,14,0,14,-2,13,1,13,1,13,0,13,-1,12,-2,12,-4,11,-4,10,-3,11,-6,9,-6,8,0,0,0,0,0,0,0,0,0,0,0,0,0,0,0,0,0,0,0,0,0,0,-2,10,-2,10,-3,11,-4,11,-4,11,-5,12,-5,12,-6,13,-6,13,-7,13,-8,14,-9,13,-9,13,-10,13,-10,13,-10,13,-10,13,-10,13,-10,13,-10,14,-9,14,-10,14,-8,15,-8,16,-9,16,-9,15]
CSI_DATA,161,6898,-47,128,[83,-80,4,0,-21,-20,-21,-19,-21,-18,-22,-15,-22,-13,-23,-11,-23,-11,-23,-11,-22,-10,-23,-10,-22,-10,-23,-8,-23,-9,-23,-9,-22,-9,-21,-9,-20,-11,-20,-10,-19,-11,-18,-11,-18,-10,-17,-11,-16,-12,-15,-12,-14,-13,0,0,0,0,0,0,0,0,0,0,0,0,0,0,0,0,0,0,0,0,0,0,-15,-9,-15,-10,-15,-10,-16,-11,-15,-13,-16,-14,-16,-15,-16,-17,-16,-17,-16,-18,-16,-20,-16,-21,-14,-21,-13,-22,-14,-22,-15,-22,-15,-23,-15,-23,-15,-23,-15,-23,-15,-23,-16,-22,-18,-23,-18,-23,-20,-21,-20,-22]
CSI_DATA,162,6914,-46,128,[83,-80,4,0,-17,-23,-15,-23,-20,-19,-17,-19,-18,-16,-19,-16,-20,-14,-20,-15,-20,-14,-19,-16,-21,-11,-19,-14,-19,-13,-18,-15,-18,-14,-18,-14,-17,-14,-17,-14,-15,-15,-14,-15,-13,-15,-12,-15,-11,-15,-10,-16,-9,-16,0,0,0,0,0,0,0,0,0,0,0,0,0,0,0,0,0,0,0,0,0,0,-14,-11,-13,-13,-14,-13,-13,-15,-11,-17,-12,-18,-12,-19,-13,-19,-13,-20,-11,-21,-13,-23,-14,-23,-14,-21,-10,-24,-9,-24,-7,-26,-8,-26,-6,-26,-8,-26,-9,-25,-11,-25,-12,-25,-14,-25,-13,-26,-17,-24,-17,-24]
CSI_DATA,163,6961,-48,128,[83,-80,4,0,23,-13,22,-16,20,-13,23,-9,20,-14,18,-15,21,-5,20,-8,19,-4,18,-15,19,-12,15,-15,11,-20,16,-15,MOTION,7813,-55,0.85,0
17,-16,17,-13,18,-12,17,-7,17,-10,17,-8,16,-3,16,-5,15,-2,16,-5,14,-9,0,0,0,0,0,0,0,0,0,0,0,0,0,0,0,0,0,0,0,0,0,0,9,-13,11,-13,12,-13,14,-14,15,-12,17,-13,16,-13,18,-12,18,-12,19,-13,21,-13,22,-12,20,-13,22,-10,23,-9,21,-12,24,-13,22,-14,23,-15,22,-12,25,-11,23,-14,23,-16,23,-16,24,-16,24,-17]
CSI_DATA,164,7000,-47,128,[83,-80,4,0,1,-23,0,-27,0,-22,-1,-27,-5,-23,-7,-21,-5,-22,-5,-21,-3,-20,-2,-23,-2,-21,-1,-20,-4,-21,-4,-19,-5,-23,-1,-19,-1,-23,-3,-20,-4,-19,-3,-19,-2,-18,0,-16,2,-18,2,-17,2,-17,0,0,0,0,0,0,0,0,0,0,0,0,0,0,0,0,0,0,0,0,0,0,-4,-15,-5,-18,-3,-16,-3,-21,-2,-17,-1,-23,-3,-21,-1,-21,1,-21,3,-21,7,-24,7,-24,8,-23,8,-22,7,-24,4,-22,5,-26,4,-21,7,-27,3,-25,6,-24,5,-24,6,-22,7,-26,9,-25,6,-26]
CSI_DATA,165,7020,-45,128,[83,-80,4,0,-31,-13,-25,-8,-28,-11,-23,-6,-26,-5,-26,-4,-25,-4,-26,-4,-28,-4,-25,-6,-25,-4,-25,-3,-23,-2,-27,-3,-21,-4,-26,0,-20,-1,-22,0,-22,-1,-22,0,-21,1,-22,-2,-19,-5,-19,-6,-17,-6,0,0,0,0,0,0,0,0,0,0,0,0,0,0,0,0,0,0,0,0,0,0,-17,-8,-15,-7,-19,-10,-16,-9,-20,-12,-17,-11,-19,-11,-22,-11,-21,-13,-24,-15,-20,-18,-20,-18,-19,-18,-19,-20,-19,-15,-22,-22,-19,-18,-24,-19,-20,-15,-24,MOTION,7913,-55,0.92,0
-14,-25,-14,-24,-16,-26,-19,-24,-18,-25,-17,-25,-14]
CSI_DATA,166,7068,-47,128,[83,-80,4,0,-19,6,-18,7,-17,6,-17,7,-16,7,-16,8,-14,9,-13,10,-14,9,-12,10,-13,10,-15,6,-12,11,-14,8,-14,7,-14,7,-14,6,-14,6,-13,6,-13,6,-14,4,-12,5,-13,4,-13,3,-13,2,0,0,0,0,0,0,0,0,0,0,0,0,0,0,0,0,0,0,0,0,0,0,-9,6,-10,6,-11,6,-12,6,-12,5,-13,5,-14,5,-14,5,-15,4,-16,4,-16,4,-17,3,-17,2,-18,2,-18,2,-17,2,-17,2,-17,2,-18,3,-18,3,-18,3,-18,3,-18,3,-19,4,-19,5,-19,5]
CSI_DATA,167,7103,-48,128,[83,-80,4,0,-21,-18,-21,-14,-21,-18,-22,-13,-21,-12,-21,-12,-21,-12,-20,-12,-22,-11,-22,-8,-22,-4,-21,-8,-20,-8,-22,-6,-21,-6,-22,-7,-19,-9,-19,-10,-18,-10,-18,-10,-17,-10,-16,-11,-16,-10,-14,-11,-13,-12,0,0,0,0,0,0,0,0,0,0,0,0,0,0,0,0,0,0,0,0,0,0,-15,-8,-15,-8,-16,-9,-16,-8,-16,-12,-16,-13,-15,-16,-16,-16,-14,-18,-13,-21,-17,-20,-12,-22,-11,-22,-11,-22,-8,-22,-6,-24,-9,-23,-12,-25,-6,-23,-14,-23,-17,-18,-15,-22,-18,-22,-13,-24,-16,-21,-18,-21]
CSI_DATA,168,7120,-45,128,[83,-80,4,0,27,9,26,10,27,5,26,4,25,6,24,2,24,1,25,0,24,0,24,-1,23,-2,23,-1,23,-1,24,0,23,1,22,1,22,2,21,2,21,3,20,3,19,4,19,5,18,6,17,6,16,7,0,0,0,0,0,0,0,0,0,0,0,0,0,0,0,0,0,0,0,0,0,0,17,-1,18,0,18,1,20,2,20,3,21,3,21,4,22,5,22,7,MOTION,8013,-55,0.97,0
23,7,24,9,25,10,24,10,23,12,23,13,23,14,23,14,23,13,23,13,24,12,24,13,24,13,27,12,27,11,27,11,27,12]
CSI_DATA,169,7167,-47,128,[83,-80,4,0,26,0,26,-1,25,-2,24,-5,23,-6,22,-9,23,-3,23,-4,22,-6,20,-8,21,-6,22,-4,20,-9,21,-4,21,-5,21,-5,20,-4,19,-5,18,-6,18,-5,18,-2,18,-2,18,-1,17,2,17,2,0,0,0,0,0,0,0,0,0,0,0,0,0,0,0,0,0,0,0,0,0,0,15,-6,16,-5,17,-5,18,-4,19,-3,20,-3,20,-1,21,-1,22,-1,23,0,24,1,25,2,24,3,24,3,24,4,24,4,24,4,24,4,25,4,25,2,25,4,26,4,26,3,27,1,28,-2,27,0]
CSI_DATA,170,7205,-47,128,[83,-80,4,0,-10,24,-10,24,-7,23,-10,22,-6,22,-5,22,-2,22,1,23,2,22,1,22,2,21,1,22,-1,22,0,22,1,22,0,21,-1,21,-2,20,-2,20,-3,19,-5,18,-4,18,-5,17,-4,17,-4,17,0,0,0,0,0,0,0,0,0,0,0,0,0,0,0,0,0,0,0,0,0,0,-3,16,-4,16,-6,17,-7,18,-8,18,-8,19,-11,18,-10,19,-12,19,-14,19,-13,20,-15,20,-14,20,-16,20,-15,20,-14,20,-16,19,-17,18,-17,19,-16,20,-16,20,-15,22,-15,22,-15,22,-12,25,-13,23]
CSI_DATA,171,7238,-46,128,[83,-80,4,0,-28,-9,-27,-10,-26,-10,-26,-8,-24,-8,-24,-7,-24,-7,-24,-7,-23,-6,-23,-5,-23,-4,-23,-3,-23,-3,-22,-3,-22,-3,-21,-3,-20,-4,-19,-4,-19,-4,-19,-4,-18,-4,-17,-5,-16,-6,-16,-6,-15,-7,0,0,0,0,0,0,0,0,0,0,0,0,0,0,0,0,0,0,0,0,0,0,-16,-3,-17,-4,-17,-4,-18,-6,-18,-6,-19,-7,-19,-8,-20,-9,-20,-9,-22,-9,-22,-11,-22,-12,-21,-13,-22,-12,-22,-13,-23,-13,-23,-13,-22,-14,-22,-14,-24,-12,-25,-12,-25,-12,-26,-14,-27,-12,-28,-9,-27,-11]
CSI_DATA,172,7313,-49,128,[83,-80,4,0,5,-28,5,-28,2,-27,3,-26,2,-26,1,-25,0,-25,-3,-25,-3,-25,-3,-24,-2,-24,-1,-24,-2,-24,-2,-24,-1,-23,-2,-23,-1,-23,0,-21,1,-21,1,-21,2,-20,2,-20,2,-19,1,-19,2,-18,0,0,0,0,0,0,0,0,0,0,0,0,0,0,0,0,0,0,0,0,0,0,3,-17,2,-17,2,-19,MOTION,8153,-55,1.01,0
2,-20,5,-19,6,-20,6,-21,9,-21,10,-21,10,-22,10,-23,10,-24,12,-22,13,-23,15,-21,16,-20,15,-22,14,-23,14,-23,14,-23,13,-25,15,-23,15,-24,14,-25,16,-24,15,-24]
CSI_DATA,173,7317,-48,128,[83,-80,4,0,-17,22,-13,22,-8,24,-6,24,-4,24,-5,23,0,23,-2,23,-4,23,-3,22,-4,22,-7,22,-6,21,-6,21,-5,21,-5,21,-7,20,-7,19,-7,19,-9,18,-9,17,-10,16,-10,16,-10,15,-11,14,0,0,0,0,0,0,0,0,0,0,0,0,0,0,0,0,0,0,0,0,0,0,-4,16,-5,16,-6,17,-6,18,-7,18,-7,19,-8,20,-10,20,-11,20,-14,20,-15,21,-15,21,-14,21,-17,20,-18,18,-19,17,-20,15,-20,17,-21,16,-19,20,-18,20,-21,17,-18,21,-17,23,-19,21,-19,19]
CSI_DATA,174,7340,-47,128,[83,-80,4,0,-17,21,-17,22,-14,22,-14,21,-13,21,-9,22,-10,22,-7,23,-8,22,-6,23,-7,22,-5,22,-5,22,-4,22,-6,22,-6,21,-6,21,-7,19,-7,19,-8,18,-9,16,-9,16,-10,15,-11,13,-11,13,0,0,0,0,0,0,0,0,0,0,0,0,0,0,0,0,0,0,0,0,0,0,-6,16,-7,16,-6,17,-8,18,-8,17,-8,18,-13,16,-11,17,-9,18,-14,18,-19,17,-19,19,-21,16,-22,14,-20,17,-20,18,-20,19,-20,18,-20,19,-21,17,-22,15,-21,18,-21,18,-22,17,-18,21,-20,19]
CSI_DATA,175,7379,-47,128,[83,-80,4,0,11,26,13,21,16,23,13,20,15,19,16,17,16,17,17,16,18,16,16,15,15,15,17,12,15,13,18,13,16,12,16,15,15,13,14,13,13,MOTION,8253,-55,1.04,0
14,12,14,12,13,12,14,10,14,9,14,8,14,0,0,0,0,0,0,0,0,0,0,0,0,0,0,0,0,0,0,0,0,0,0,10,13,8,13,9,15,9,14,10,17,8,16,9,19,8,19,8,21,7,23,8,23,7,24,5,24,3,24,3,23,5,26,6,24,7,27,5,24,8,25,8,25,8,26,9,29,8,27,9,27,6,27]
CSI_DATA,176,7409,-47,128,[83,-80,4,0,16,9,16,9,16,8,16,6,16,6,15,6,15,5,15,4,15,4,15,3,14,3,14,3,15,2,15,2,15,3,15,3,14,3,13,3,13,3,13,3,12,4,12,4,11,4,11,4,9,6,0,0,0,0,0,0,0,0,0,0,0,0,0,0,0,0,0,0,0,0,0,0,10,3,10,4,11,4,11,5,11,6,11,7,12,7,12,8,12,9,13,10,13,11,13,12,12,11,12,12,12,12,13,12,12,13,13,12,13,11,13,12,13,11,14,11,14,12,16,11,15,12,16,12]
CSI_DATA,177,7443,-47,128,[83,-80,4,0,-25,-15,-23,-14,-23,-14,-23,-13,-23,-11,-22,-11,-23,-9,-23,-8,-22,-9,-23,-8,-22,-6,-22,-6,-22,-6,-22,-7,-21,-7,-21,-7,-20,-8,-19,-8,-18,-8,-18,-8,-17,-9,-16,-9,-16,-9,-15,-10,-14,-11,0,0,0,0,0,0,0,0,0,0,0,0,0,0,0,0,0,0,0,0,0,0,-16,-5,-16,-6,-17,-7,-18,-8,-18,-9,-18,-9,-19,-11,-19,-12,-19,-13,-20,-14,-20,-15,-21,-16,-19,-16,-19,-17,-18,-18,-19,-19,-18,-19,-20,-17,-20,-17,-20,-17,-20,-17,-21,-18,-21,-18,-24,-17,-24,-16,-24,-16]
MOTION,8353,-55,1.06,0
CSI_DATA,178,7477,-45,128,[83,-80,4,0,4,27,4,26,6,26,5,24,6,24,7,23,8,22,9,22,9,21,10,21,10,20,10,20,10,20,10,21,9,21,9,20,8,20,7,20,6,19,5,19,4,18,3,19,3,18,2,18,0,17,0,0,0,0,0,0,0,0,0,0,0,0,0,0,0,0,0,0,0,0,0,0,8,14,7,15,6,16,6,17,5,19,6,20,5,21,4,21,3,22,3,23,3,25,2,25,1,24,0,25,-2,25,-1,26,-2,26,0,26,0,26,0,27,-1,26,-1,27,1,28,3,28,3,28,5,27]
CSI_DATA,179,7521,-44,128,[83,-80,4,0,4,-11,3,-11,2,-11,2,-11,1,-10,2,-10,1,-10,-1,-10,-1,-10,-1,-10,-1,-10,-1,-10,-1,-10,0,-10,-1,-10,0,-9,1,-9,0,-9,0,-9,0,-9,1,-8,1,-8,2,-7,2,-7,3,-7,0,0,0,0,0,0,0,0,0,0,0,0,0,0,0,0,0,0,0,0,0,0,0,-8,1,-7,1,-7,2,-8,2,-8,3,-8,3,-8,4,-9,4,-9,4,-9,4,-9,5,-9,6,-9,6,-9,6,-9,6,-9,6,-9,6,-10,6,-10,5,-10,5,-10,5,-10,5,-11,6,-11,6,-11,6,-11]
CSI_DATA,180,7556,-47,128,[83,-80,4,0,17,-22,16,-23,16,-21,14,-23,13,-22,12,-22,13,-21,12,-21,9,-22,8,-22,6,-23,7,-22,7,-22,7,-22,8,-21,9,-20,11,-18,9,-18,10,-18,9,-17,12,-15,9,-16,11,-15,12,-13,12,-12,0,0,0,0,0,0,0,0,0,0,0,0,0,0,0,0,0,0,0,0,0,0,7,-15,8,-16,9,-15,10,-16,11,-16,12,-17,13,-17,13,-17,15,-17,16,-17,17,-17,18,-17,19,-16,20,-16,20,-16,20,-16,18,-17,18,-18,20,-18,21,-17,17,-21,18,-21,20,-20,19,-22,18,-23,19,-20]
CSI_DATA,181,7580,-47,128,[83,-80,4,0,-19,-4,-18,-3,-17,-3,-17,-2,-16,2,-16,1,-16,-1,-15,2,-15,1,-15,1,-15,2,-15,2,-14,2,-14,4,-14,3,-14,1,-13,3,-13,1,-13,0,-13,-1,-12,-2,-12,-2,-12,-2,-11,-3,-11,-4,0,0,0,0,0,0,0,0,0,0,0,0,0,0,0,0,0,0,0,0,0,0,-11,1,-12,0,-12,0,-13,0,-13,0,-14,-1,-14,-1,-15,-2,-15,-3,-16,-3,-16,-4,-16,-5,-16,-5,-16,-5,-16,-5,-16,-6,-17,-6,-17,-6,-17,-6,-17,-6,-17,-6,MOTION,8483,-56,1.04,0
-17,-6,-17,-7,-18,-6,-18,-6,-18,-6]
CSI_DATA,182,7622,-47,128,[83,-80,4,0,-27,9,-26,9,-25,7,-25,7,-23,9,-23,9,-22,9,-22,7,-21,7,-21,8,-20,11,-20,11,-20,11,-19,10,-18,11,-18,11,-17,11,-17,10,-17,9,-16,9,-17,7,-17,5,-17,3,-17,3,-16,3,0,0,0,0,0,0,0,0,0,0,0,0,0,0,0,0,0,0,0,0,0,0,-12,8,-13,7,-14,8,-16,8,-15,8,-16,9,-18,8,-18,8,-19,7,-20,8,-22,7,-23,6,-23,5,-23,4,-24,3,-24,3,-24,4,-24,3,-25,6,-24,7,-25,7,-25,7,-26,7,-26,9,-27,10,-25,11]
CSI_DATA,183,7655,-48,128,[83,-80,4,0,-1,28,-5,27,-6,25,-2,26,-2,25,0,24,4,23,3,24,6,22,7,22,8,21,6,22,6,22,6,21,6,22,4,21,4,21,3,20,1,20,2,19,1,19,1,19,-1,18,-1,18,-2,17,0,0,0,0,0,0,0,0,0,0,0,0,0,0,0,0,0,0,0,0,0,0,6,15,4,16,5,17,7,17,6,18,6,19,5,20,7,20,4,22,2,23,2,24,-2,25,-1,24,-6,24,-7,24,-7,25,-8,25,-8,25,-10,24,-10,24,-8,26,-7,27,-6,28,-1,29,-1,29,4,28]
CSI_DATA,184,7697,-46,128,[83,-80,4,0,6,-22,6,-26,2,-22,4,-26,10,-22,7,-22,8,-21,9,-21,6,-20,5,-23,4,-22,5,-21,7,-22,5,-19,7,-21,7,-19,8,-22,7,-18,7,-18,9,-17,10,-16,7,-15,8,-16,8,-14,9,-14,0,0,0,0,0,0,0,0,0,0,0,0,0,0,0,0,0,0,0,0,0,0,2,-15,5,-17,4,-15,7,-18,6,-15,8,-18,11,-17,12,-15,12,-17,12,-16,11,-21,12,-21,11,-21,10,-21,13,-21,11,-18,14,-20,14,-16,15,-20,18,MOTION,8583,-55,0.97,0
-17,16,-17,15,-19,14,-17,12,-24,14,-22,11,-25]
CSI_DATA,185,7734,-45,128,[83,-80,4,0,-16,-25,-17,-24,-18,-23,-17,-21,-17,-20,-18,-19,-17,-19,-17,-20,-18,-18,-18,-18,-18,-16,-18,-16,-19,-14,-19,-14,-17,-17,-16,-15,-14,-17,-15,-15,-13,-16,-13,-16,-13,-15,-11,-16,-10,-16,-9,-16,-8,-16,0,0,0,0,0,0,0,0,0,0,0,0,0,0,0,0,0,0,0,0,0,0,-11,-13,-11,-13,-11,-14,-12,-15,-11,-16,-12,-17,-12,-17,-11,-19,-11,-20,-12,-21,-12,-22,-12,-23,-10,-23,-10,-24,-10,-24,-10,-25,-10,-25,-10,-25,-12,-25,-13,-24,-13,-24,-14,-25,-14,-26,-15,-26,-16,-26,-16,-27]
CSI_DATA,186,7792,-47,128,[83,-80,4,0,-28,9,-27,10,-26,10,-25,12,-24,11,-23,12,-23,12,-21,13,-21,12,-20,13,-19,14,-19,15,-20,13,-20,12,-20,11,-21,10,-19,11,-19,9,-18,10,-19,8,-18,9,-18,6,-18,7,-17,7,-16,6,0,0,0,0,0,0,0,0,0,0,0,0,0,0,0,0,0,0,0,0,0,0,-14,9,-15,9,-16,9,-17,9,-18,9,-19,9,-20,8,-21,8,-22,8,-24,7,-25,6,-25,6,-26,4,-26,5,-26,4,-26,3,-26,3,-27,4,-27,5,-28,5,-28,5,-28,6,-29,5,-30,7,-29,7,-28,7]
CSI_DATA,187,7821,-48,128,[83,-80,4,0,-14,25,-12,26,-7,26,-3,26,-10,24,-6,24,-9,23,-4,23,-7,22,-10,20,-7,22,-11,20,-11,19,-8,20,-5,21,-7,20,-7,20,-7,19,-9,18,-11,16,-10,16,-11,14,-11,14,-10,14,-10,13,0,0,0,0,0,0,0,0,0,0,0,0,0,0,0,0,0,0,0,0,0,0,-5,16,-5,16,-7,MOTION,8693,-56,0.94,0
16,-6,17,-7,18,-7,18,-10,18,-10,19,-13,18,-15,18,-15,19,-12,22,-16,20,-16,20,-17,19,-19,17,-19,18,-17,20,-21,16,-17,22,-16,22,-17,21,-7,25,-9,27,-16,24,-18,22]
CSI_DATA,188,7854,-47,128,[83,-80,4,0,18,-19,19,-20,14,-19,16,-20,13,-20,13,-20,12,-19,10,-20,9,-19,8,-21,8,-20,10,-20,8,-22,8,-19,9,-21,8,-20,8,-20,8,-18,8,-17,9,-17,10,-16,8,-16,8,-15,7,-15,10,-14,0,0,0,0,0,0,0,0,0,0,0,0,0,0,0,0,0,0,0,0,0,0,6,-15,7,-16,8,-16,10,-17,10,-16,11,-18,12,-17,13,-17,15,-17,15,-18,16,-18,18,-17,18,-17,19,-17,19,-18,19,-16,20,-17,17,-17,20,-17,18,-17,18,-18,21,-17,18,-18,20,-19,21,-19,20,-19]
CSI_DATA,189,7886,-46,128,[83,-80,4,0,20,-21,19,-20,18,-20,18,-20,16,-20,15,-20,15,-20,12,-20,13,-20,12,-20,13,-19,14,-19,12,-20,11,-20,12,-18,12,-18,11,-18,12,-16,11,-17,12,-15,12,-14,13,-13,13,-12,13,-12,14,-10,0,0,0,0,0,0,0,0,0,0,0,0,0,0,0,0,0,0,0,0,0,0,8,-15,8,-15,9,-15,11,-16,12,-16,12,-16,14,-16,14,-16,16,-15,17,-16,18,-16,19,-16,19,-15,20,-15,20,-14,20,-15,20,-15,21,-15,21,-16,21,-17,21,-17,21,-18,22,-18,23,-19,22,-20,21,-20]
CSI_DATA,190,7921,-46,128,[83,-80,4,0,-18,19,-16,19,-15,19,-14,19,-14,19,-12,20,-14,17,-13,18,-14,16,-14,17,-13,17,-15,15,-12,18,-12,17,-12,17,-12,17,-12,17,-11,15,-12,15,-12,14,-14,12,-14,11,-14,11,-14,9,-13,9,0,0,0,0,0,0,0,0,0,0,0,0,0,0,0,0,0,0,0,0,0,0,-9,12,-10,11,-10,12,-10,13,-11,13,-12,12,-14,12,-16,11,-17,11,-18,12,-19,12,-19,13,-19,12,-21,9,-21,9,-22,9,-21,9,-22,10,-21,10,-23,10,-22,11,-23,8,-22,11,-24,12,-19,18,-21,14]
MOTION,8823,-57,0.94,0
CSI_DATA,191,7956,-47,128,[83,-80,4,0,2,-29,2,-29,2,-27,1,-27,-2,-26,-2,-25,-3,-25,-5,-25,-3,-24,-4,-25,-4,-23,-4,-24,-4,-23,-5,-23,-4,-23,-4,-23,-3,-22,-3,-21,-2,-21,-2,-20,-2,-20,-1,-19,1,-18,2,-18,3,-17,0,0,0,0,0,0,0,0,0,0,0,0,0,0,0,0,0,0,0,0,0,0,-3,-15,-1,-16,0,-17,0,-18,1,-18,1,-20,1,-20,0,-21,0,-22,2,-23,4,-24,4,-25,5,-24,6,-24,4,-24,4,-26,3,-25,2,-26,3,-26,2,-26,4,-26,4,-27,6,-27,4,-29,4,-29,2,-29]
CSI_DATA,192,8032,-45,128,[83,-80,4,0,22,3,27,2,22,2,27,1,23,-2,23,-4,23,-5,21,-3,20,-1,22,0,21,-1,21,0,23,-2,19,-2,23,-2,19,0,22,1,19,-1,19,0,18,0,18,1,16,3,16,6,15,6,15,7,0,0,0,0,0,0,0,0,0,0,0,0,0,0,0,0,0,0,0,0,0,0,14,-2,16,-1,13,0,18,0,15,0,20,2,18,1,19,0,19,1,18,5,20,9,20,9,19,9,19,10,22,8,19,7,23,9,19,8,23,9,24,4,22,5,24,2,21,8,24,9,25,7,26,4]
CSI_DATA,193,8059,-45,128,[83,-80,4,0,23,-18,21,-20,22,-17,21,-18,22,-16,19,-18,20,-17,19,-17,17,-18,17,-18,16,-19,15,-20,14,-20,14,-20,14,-20,14,-20,15,-18,14,-18,17,-14,17,-12,17,-11,17,-11,17,-10,17,-9,16,-9,0,0,0,0,0,0,0,0,0,0,0,0,0,0,0,0,0,0,0,0,0,0,9,-13,10,-13,12,-13,13,-13,14,-13,15,-13,15,-13,16,-14,17,-13,19,-14,20,-13,21,-12,22,-11,23,-11,23,-11,22,-12,21,-15,20,-15,20,-17,MOTION,8923,-55,0.83,0
21,-17,21,-16,22,-18,22,-18,24,-18,25,-17,24,-17]
CSI_DATA,194,8067,-45,128,[83,-80,4,0,-23,21,-23,20,-21,19,-19,21,-19,20,-16,22,-18,19,-16,21,-20,17,-17,19,-19,17,-17,20,-19,17,-16,20,-17,19,-17,19,-16,17,-17,16,-18,14,-16,15,-17,12,-17,10,-17,10,-17,11,-18,7,0,0,0,0,0,0,0,0,0,0,0,0,0,0,0,0,0,0,0,0,0,0,-11,12,-13,12,-15,11,-16,12,-17,11,-18,11,-19,10,-20,10,-20,11,-22,11,-23,11,-24,11,-24,9,-24,9,-25,9,-24,10,-25,9,-25,10,-24,14,-26,11,-24,14,-23,17,-26,14,-28,15,-26,18,-26,17]
CSI_DATA,195,8109,-44,128,[83,-80,4,0,-13,27,-10,29,-9,27,-10,26,-9,25,-3,26,-4,25,1,25,6,22,2,24,1,24,0,24,-6,24,-6,22,-8,23,-8,22,-7,23,-6,22,-6,21,-5,21,-4,20,-4,19,-9,18,-7,18,-9,17,0,0,0,0,0,0,0,0,0,0,0,0,0,0,0,0,0,0,0,0,0,0,-3,16,-4,17,-5,17,-6,19,-6,19,-6,20,-8,20,-10,20,-10,21,-14,20,-15,21,-12,23,-14,22,-17,22,-15,22,-21,17,-24,10,-22,13,-16,23,-21,18,-16,23,-11,26,-19,22,-19,25,-17,26,-12,28]
CSI_DATA,196,8137,-45,128,[83,-80,4,0,-29,-3,-28,-1,-26,-1,-25,-1,-25,-1,-25,6,-23,9,-23,10,-22,10,-23,10,-23,8,-23,8,-23,7,-23,7,-23,7,-23,6,-22,4,-22,3,-21,3,-21,3,-21,2,-21,1,-21,1,-20,-1,-19,-2,0,0,0,0,0,0,0,0,0,0,0,0,0,0,0,0,0,0,0,0,0,0,-16,2,-17,3,-18,MOTION,9023,-56,0.78,0
3,-19,3,-20,2,-20,2,-21,0,-20,-1,-21,-3,-23,-2,-23,0,-24,1,-23,-6,-24,-4,-23,-7,-26,-4,-24,-9,-24,-3,-26,-4,-26,-5,-26,-5,-27,-3,-27,-5,-29,-5,-29,-2,-28,-2]
CSI_DATA,197,8200,-41,128,[83,-80,4,0,3,23,3,22,6,22,7,20,11,17,12,17,13,15,11,17,11,16,12,16,12,14,12,14,11,15,13,15,11,15,11,15,10,15,8,16,9,15,7,15,7,15,6,15,7,14,5,15,3,15,0,0,0,0,0,0,0,0,0,0,0,0,0,0,0,0,0,0,0,0,0,0,6,12,6,13,4,14,5,15,4,15,4,16,5,17,4,17,2,18,2,19,2,21,1,21,-2,20,1,21,2,20,4,21,6,20,3,21,4,21,3,21,1,21,4,21,0,23,3,24,5,23,6,23]
CSI_DATA,198,8221,-45,128,[83,-80,4,0,5,28,6,26,7,26,10,23,9,24,9,23,11,21,11,22,13,20,13,20,14,19,12,20,12,20,11,21,11,20,10,21,8,20,9,20,7,20,7,20,5,20,5,19,4,19,3,19,1,19,0,0,0,0,0,0,0,0,0,0,0,0,0,0,0,0,0,0,0,0,0,0,7,15,6,15,6,16,6,17,6,18,5,19,4,20,5,20,3,22,3,23,2,24,2,25,0,24,-1,25,0,25,-1,26,-1,25,-1,26,1,25,0,26,-1,25,2,27,2,29,3,28,1,29,6,28]
CSI_DATA,199,8258,-45,128,[83,-80,4,0,-28,-7,-27,-8,-27,-7,-27,-3,-26,-5,-26,0,-26,-2,-26,-1,-26,2,-25,1,-25,2,-25,6,-25,6,-25,2,-25,1,-25,2,-24,0,-23,1,-23,2,-22,2,-22,-1,-22,-1,-21,-5,-20,-6,-20,-6,0,0,0,0,0,0,0,0,0,0,0,0,0,0,0,0,0,0,0,0,0,0,-16,-5,-17,-6,-17,-7,-19,-7,-18,-7,-19,-9,-19,-8,-21,-8,-22,-9,-21,-13,-22,-12,-23,-12,-23,-12,-23,-11,-23,-12,-22,-16,-21,-18,-22,-15,-21,-17,-23,-16,-25,-12,-26,-7,-25,-13,-26,-13,-27,-11,-26,-13]
CSI_DATA,200,8297,-46,128,[83,-80,4,0,-19,0,-18,5,-17,5,-17,6,-16,7,-15,8,-13,10,-15,7,-14,9,-14,8,-14,9,-15,7,-15,7,-13,9,-14,8,-14,7,-14,7,-15,5,-15,4,-14,5,-15,2,-15,2,-14,1,-14,-1,-14,-2,0,0,0,0,0,0,0,0,0,0,0,0,0,0,0,0,0,0,0,0,0,0,-11,3,-12,3,-13,2,-13,MOTION,9163,-55,0.78,0
2,-14,2,-14,2,-15,1,-15,1,-16,0,-17,0,-17,-2,-18,-2,-17,-3,-17,-3,-17,-3,-17,-3,-18,-3,-18,-3,-18,-3,-18,-2,-18,-1,-19,-1,-19,1,-19,2,-19,2,-19,0]
CSI_DATA,201,8331,-46,128,[83,-80,4,0,-16,23,-13,24,-10,24,-11,23,-8,24,-5,24,-5,23,-5,24,-3,23,-4,24,-4,23,-5,23,-4,24,-5,23,-5,23,-5,23,-6,22,-6,21,-7,21,-7,20,-8,18,-9,18,-10,17,-11,16,-12,15,0,0,0,0,0,0,0,0,0,0,0,0,0,0,0,0,0,0,0,0,0,0,-6,15,-7,15,-8,15,-10,16,-10,16,-13,16,-12,16,-13,17,-14,17,-15,18,-16,18,-18,17,-17,18,-18,17,-19,16,-19,17,-18,18,-17,18,-18,18,-18,19,-17,19,-15,21,-18,20,-18,22,-17,22,-15,22]
CSI_DATA,202,8356,-45,128,[83,-80,4,0,14,-7,12,-6,13,-8,11,-9,11,-9,9,-11,9,-11,7,-11,8,-12,8,-12,7,-11,7,-11,7,-11,7,-13,6,-11,9,-12,8,-9,7,-10,8,-10,8,-9,7,-9,9,-9,9,-7,9,-5,9,-5,0,0,0,0,0,0,0,0,0,0,0,0,0,0,0,0,0,0,0,0,0,0,8,-6,7,-5,9,-6,9,-5,10,-6,10,-4,11,-5,11,-5,11,-5,14,-4,14,-3,14,-3,14,-2,14,-2,13,-2,14,-4,12,-3,14,-5,13,-4,14,-5,13,-5,14,-6,15,-6,14,-5,14,-7,13,-6]
CSI_DATA,203,8399,-44,128,[83,-80,4,0,9,-6,8,-7,8,-7,8,-7,6,-8,7,-8,7,-7,7,-6,7,-7,6,-7,6,-6,6,-7,5,-7,6,-6,6,-6,7,-6,6,-6,6,-5,6,-5,6,-5,7,MOTION,9263,-55,0.79,0
-4,6,-5,6,-4,6,-3,6,-3,0,0,0,0,0,0,0,0,0,0,0,0,0,0,0,0,0,0,0,0,0,0,4,-4,4,-5,5,-5,6,-5,6,-5,7,-5,7,-4,7,-4,8,-4,8,-4,8,-4,9,-4,9,-3,9,-3,9,-3,9,-3,9,-4,9,-4,9,-4,9,-4,9,-4,10,-4,9,-4,10,-5,10,-5,10,-5]
CSI_DATA,204,8417,-48,128,[83,-80,4,0,16,-19,17,-16,14,-18,13,-18,15,-17,15,-15,13,-17,10,-18,11,-18,8,-20,11,-18,10,-18,9,-19,8,-20,5,-21,5,-21,6,-19,6,-19,8,-18,9,-17,9,-16,12,-14,10,-15,11,-14,11,-14,0,0,0,0,0,0,0,0,0,0,0,0,0,0,0,0,0,0,0,0,0,0,10,-10,12,-9,12,-10,13,-10,14,-11,14,-10,15,-10,16,-10,17,-10,19,-7,19,-7,19,-6,20,-5,21,-7,20,-9,21,-6,19,-10,20,-8,19,-9,21,1,20,4,21,1,22,0,23,-1,22,-9,22,-10]
CSI_DATA,205,8461,-46,128,[83,-80,4,0,-21,18,-21,16,-13,22,-9,23,-13,21,-8,23,-10,22,-11,21,-11,21,-10,21,-9,21,-11,20,-11,20,-9,21,-10,20,-12,20,-11,19,-11,18,-12,16,-13,16,-14,15,-14,14,-14,12,-14,12,-15,10,0,0,0,0,0,0,0,0,0,0,0,0,0,0,0,0,0,0,0,0,0,0,-4,16,-6,16,-5,17,-7,17,-9,16,-6,18,-12,15,-12,16,-14,16,-16,18,-15,19,-16,20,-20,13,-17,17,-17,16,-18,18,-20,15,-20,15,-17,19,-18,19,-19,16,-15,21,-18,20,-19,21,-17,23,-12,24]
CSI_DATA,206,8510,-46,128,[83,-80,4,0,27,4,27,5,26,5,27,3,25,1,25,-3,25,-6,25,-4,25,-2,25,-1,24,-2,24,0,25,0,24,-2,24,-2,24,0,23,MOTION,9363,-56,0.73,0
2,21,1,21,3,20,4,20,5,18,4,14,7,17,3,15,0,0,0,0,0,0,0,0,0,0,0,0,0,0,0,0,0,0,0,0,0,0,0,17,-1,18,-1,18,0,19,0,19,1,21,2,21,2,22,3,22,5,23,5,24,7,23,8,22,10,22,9,21,11,21,10,23,11,24,7,24,9,24,10,24,9,25,10,26,11,27,10,27,9,27,7]
CSI_DATA,207,8543,-46,128,[83,-80,4,0,25,6,26,2,25,5,25,1,24,-4,24,-2,24,-3,24,-1,23,-4,23,-1,23,-3,23,-2,23,-2,22,-1,22,0,22,0,22,1,21,2,21,4,20,3,20,4,19,4,18,4,17,4,17,6,0,0,0,0,0,0,0,0,0,0,0,0,0,0,0,0,0,0,0,0,0,0,16,-2,17,-3,18,-1,19,-2,19,-1,20,0,20,2,20,7,21,7,21,8,22,8,24,7,23,6,23,7,23,9,22,10,22,11,23,8,23,10,24,7,23,9,24,10,25,8,26,10,25,11,26,9]
CSI_DATA,208,8563,-48,128,[83,-80,4,0,3,26,4,26,3,25,4,24,6,23,10,21,7,21,8,22,11,20,10,20,10,20,11,19,11,20,13,19,14,19,11,19,9,20,10,20,7,20,5,19,5,19,4,19,2,18,2,18,3,18,0,0,0,0,0,0,0,0,0,0,0,0,0,0,0,0,0,0,0,0,0,0,8,15,10,15,8,17,7,18,6,20,4,21,-6,19,5,22,-3,23,-3,23,-4,24,-3,25,-4,23,-10,21,-6,24,0,24,4,24,5,24,3,24,9,22,2,26,8,24,6,27,5,27,6,27,6,27]
CSI_DATA,209,8602,-47,128,[83,-80,4,0,-2,26,-2,26,3,24,3,24,3,23,5,22,6,21,6,22,9,20,7,21,8,20,9,20,7,21,7,20,7,20,6,20,6,20,5,19,4,20,3,19,2,19,2,19,2,18,2,18,-2,18,0,0,0,0,0,0,0,0,0,0,0,0,0,0,0,0,0,0,0,0,0,0,4,16,3,17,2,17,1,18,0,19,0,20,-2,20,-1,21,-3,22,-4,23,-3,24,-5,24,-5,24,-5,24,-7,24,-6,24,-8,24,-5,24,-6,25,-7,25,-4,25,-2,26,-5,26,-5,27,-2,27,-2,27]
CSI_DATA,210,8643,-49,128,[83,-80,4,0,-26,-2,-26,-6,-24,-7,-25,-4,-24,-4,-24,1,-23,7,-23,7,-23,6,-22,9,-23,8,-24,7,-24,7,-24,6,-24,6,-24,6,-24,5,-23,4,-23,3,-23,2,-23,1,-22,0,-22,-1,-21,-3,-21,-3,0,0,0,0,0,0,0,0,0,0,0,0,0,0,0,0,0,0,0,0,0,0,-18,-1,-19,-2,-20,MOTION,9503,-55,0.67,0
-4,-21,-3,-21,-4,-22,-4,-21,-3,-22,-5,-20,-10,-22,-11,-24,-11,-24,-13,-21,-16,-25,-13,-20,-18,-19,-19,-23,-14,-25,-5,-20,-14,-25,-10,-24,-9,-23,-13,-24,-11,-26,-6,-27,-8,-27,-2]
CSI_DATA,211,8676,-48,128,[83,-80,4,0,0,26,-2,25,7,23,5,23,6,22,6,22,6,22,4,23,6,22,7,22,4,22,5,22,2,23,1,22,3,22,1,22,0,21,1,21,0,21,-3,20,-3,20,-4,20,-4,19,-3,19,-6,18,0,0,0,0,0,0,0,0,0,0,0,0,0,0,0,0,0,0,0,0,0,0,0,17,-1,17,0,18,-1,19,-1,19,-3,20,-4,21,-5,21,-10,20,-11,22,-12,22,-13,22,-16,19,-17,19,-14,20,-15,21,-14,22,-12,23,-11,23,-11,23,-11,23,-8,24,-6,26,-8,26,-8,26,-6,26]
CSI_DATA,212,8714,-44,128,[83,-80,4,0,6,-9,4,-10,4,-11,3,-11,5,-9,5,-9,5,-9,5,-9,4,-9,2,-10,2,-10,1,-11,2,-10,2,-10,2,-10,2,-10,3,-10,4,-8,5,-9,5,-8,5,-8,5,-8,4,-7,5,-7,5,-6,0,0,0,0,0,0,0,0,0,0,0,0,0,0,0,0,0,0,0,0,0,0,2,-7,3,-6,3,-7,4,-7,4,-7,5,-7,6,-6,7,-6,8,-6,7,-7,7,-8,7,-8,7,-8,8,-8,8,-6,9,-7,8,-6,8,-7,8,-7,9,-6,9,-6,9,-6,9,-7,7,-9,7,-10,8,-9]
CSI_DATA,213,8756,-45,128,[83,-80,4,0,-10,-4,-6,-9,-6,-8,-3,-9,-5,-8,-7,-7,-9,-2,-8,3,-9,0,-9,1,-9,-2,-9,-4,-9,-2,-8,-4,-8,-4,-8,-4,-8,-4,-8,-5,-8,-5,-8,-5,-8,-5,-7,-5,-7,-5,-6,-5,-6,-6,0,0,0,0,0,0,0,0,0,0,0,0,0,0,0,0,0,0,0,0,0,0,-4,-7,-4,-7,-4,-7,-4,-8,-3,MOTION,9603,-55,0.67,0
-8,-4,-9,-4,-9,-4,-9,-3,-10,-3,-10,-3,-11,-2,-11,-1,-11,0,-11,0,-11,-1,-11,-1,-11,-1,-11,-2,-11,-2,-11,-2,-11,-3,-11,-2,-11,-2,-11,-4,-11,-5,-11]
CSI_DATA,214,8806,-47,128,[83,-80,4,0,9,-22,6,-23,5,-23,1,-22,7,-20,3,-22,4,-22,-4,-20,3,-20,-1,-22,-8,-19,-5,-20,-6,-21,-5,-23,-2,-23,-2,-23,3,-21,9,-16,4,-21,1,-19,0,-19,3,-20,1,-19,4,-19,6,-16,0,0,0,0,0,0,0,0,0,0,0,0,0,0,0,0,0,0,0,0,0,0,3,-17,3,-17,5,-18,6,-18,8,-18,8,-19,8,-20,10,-20,11,-20,12,-21,13,-21,14,-20,15,-19,16,-19,16,-18,15,-20,15,-19,15,-19,15,-19,15,-20,15,-20,13,-22,11,-22,15,-20,14,-22,12,-22]
CSI_DATA,215,8843,-49,128,[83,-80,4,0,22,-11,19,-16,17,-17,16,-18,16,-17,15,-17,15,-17,9,-21,11,-21,6,-22,2,-22,3,-22,10,-20,14,-16,15,-15,11,-20,11,-19,11,-19,11,-17,11,-17,15,-11,16,-8,15,-9,16,-7,15,-1,0,0,0,0,0,0,0,0,0,0,0,0,0,0,0,0,0,0,0,0,0,0,12,-9,13,-8,14,-8,16,-8,16,-9,17,-8,18,-8,18,-7,19,-6,21,-6,23,-5,22,-4,23,-3,22,-2,23,-2,23,-3,23,-5,23,-5,24,-4,25,-2,24,-2,24,-7,24,-7,25,-5,25,-7,25,-5]
CSI_DATA,216,8880,-47,128,[83,-80,4,0,-14,20,-13,19,-9,20,-10,20,-8,20,-7,20,-6,20,-4,20,-4,20,-2,20,-6,20,-5,21,-3,21,-4,21,-4,21,MOTION,9703,-55,0.66,0
-4,21,-4,20,-6,19,-6,19,-8,18,-7,18,-9,17,-10,16,-11,15,-11,15,0,0,0,0,0,0,0,0,0,0,0,0,0,0,0,0,0,0,0,0,0,0,-9,13,-10,13,-11,13,-12,14,-14,13,-14,13,-15,13,-17,12,-17,13,-19,13,-20,13,-20,14,-20,11,-21,11,-21,9,-21,10,-22,9,-21,12,-21,12,-20,13,-19,14,-19,16,-20,14,-19,16,-18,18,-18,16]
CSI_DATA,217,8914,-49,128,[83,-80,4,0,23,-3,22,-8,16,-15,19,-14,20,-10,17,-13,19,-10,16,-16,17,-13,16,-15,14,-17,17,-15,16,-16,17,-15,18,-13,17,-15,18,-12,18,-11,18,-11,18,-11,18,-8,18,-8,18,-7,18,-4,18,-3,0,0,0,0,0,0,0,0,0,0,0,0,0,0,0,0,0,0,0,0,0,0,16,-4,16,-5,16,-5,18,-2,19,-1,20,-2,20,-1,22,0,22,0,22,-1,23,2,23,3,23,3,23,4,24,3,23,5,24,4,23,5,22,7,23,5,23,5,24,0,23,-3,24,-2,24,4,25,2]
CSI_DATA,218,8937,-44,128,[83,-80,4,0,10,-1,10,-3,10,-3,9,-4,8,-4,8,-5,7,-7,6,-7,7,-7,5,-8,5,-7,6,-8,6,-7,6,-7,6,-7,6,-7,6,-7,6,-7,6,-7,7,-6,7,-4,7,-4,7,-4,7,-3,7,-2,0,0,0,0,0,0,0,0,0,0,0,0,0,0,0,0,0,0,0,0,0,0,7,-3,7,-2,7,-2,8,-2,8,-1,8,0,9,0,9,1,9,1,10,0,10,1,11,0,10,2,10,2,10,3,10,3,10,3,10,2,11,2,10,2,11,1,11,0,10,1,10,-2,10,0,10,1]
CSI_DATA,219,8980,-48,128,[83,-80,4,0,-24,-13,-23,-13,-24,-9,-23,-9,-23,-6,-23,-6,-23,-3,-24,-4,-24,-2,-23,-5,-23,-2,-23,-4,-22,-7,-23,-7,-22,-9,-19,-11,-19,-12,-17,-13,-18,-12,-20,-9,-20,-8,-19,-10,-17,-11,-15,-13,-13,-15,0,0,0,0,0,0,0,0,0,0,0,0,0,0,0,0,0,0,0,0,0,0,-15,-9,-16,-10,-19,-7,-20,-8,-18,-11,-19,-13,-21,-12,-10,-19,-13,-20,-14,-20,-15,-22,-20,-19,-19,-18,-16,-22,-14,-22,-9,-26,-14,-24,-5,-27,-9,-25,-15,-23,-15,-23,-13,-24,-17,-24,-19,-22,-19,-22,-21,-20]
MOTION,9833,-54,0.62,0
CSI_DATA,220,9017,-50,128,[83,-80,4,0,21,2,20,-4,20,-5,18,-10,18,-7,19,-6,19,-3,20,-6,19,-5,17,-11,18,-7,19,-7,18,-10,18,-10,19,-9,19,-8,18,-9,18,-7,19,-6,19,-4,18,-4,18,-2,18,-2,17,1,17,2,0,0,0,0,0,0,0,0,0,0,0,0,0,0,0,0,0,0,0,0,0,0,17,-1,17,0,18,2,19,3,20,3,20,4,20,5,21,7,21,8,22,9,21,13,21,13,20,13,18,16,19,14,19,14,21,13,16,16,22,7,20,13,15,16,19,13,22,8,23,0,23,-1,23,3]
CSI_DATA,221,9047,-48,128,[83,-80,4,0,7,-24,-1,-21,1,-24,1,-20,1,-21,0,-21,3,-21,1,-20,-1,-22,-3,-20,-3,-20,-7,-21,-2,-19,-2,-22,1,-19,-2,-21,-1,-18,2,-19,5,-19,6,-18,5,-18,4,-19,2,-18,5,-17,7,-16,0,0,0,0,0,0,0,0,0,0,0,0,0,0,0,0,0,0,0,0,0,0,0,-16,2,-15,4,-18,3,-16,5,-20,6,-15,7,-17,8,-18,10,-18,9,-22,6,-22,7,-22,8,-22,7,-22,10,-18,12,-20,11,-17,9,-23,10,-18,15,-18,16,-17,16,-19,5,-24,2,-24,8,-24,12,-19]
CSI_DATA,222,9078,-49,128,[83,-80,4,0,22,-1,23,0,20,-8,21,-8,18,-12,18,-12,18,-12,18,-11,17,-12,17,-13,17,-13,17,-14,19,-13,18,-12,19,-12,19,-12,19,-10,19,-9,19,-9,19,-7,20,-6,19,-5,19,-3,19,-2,19,0,0,0,0,0,0,0,0,0,0,0,0,0,0,0,0,0,0,0,0,0,0,0,14,-6,16,-5,16,-5,18,-4,18,-3,20,-2,20,-3,21,-1,22,1,23,1,24,3,23,5,24,4,23,7,24,MOTION,9933,-53,0.79,0
4,21,8,22,9,22,8,22,8,20,12,21,11,22,10,22,8,23,7,24,4,24,7]
CSI_DATA,223,9114,-51,128,[-128,-128,7,0,26,15,23,13,21,12,17,10,13,10,10,10,6,12,4,15,1,17,0,21,1,23,2,25,4,26,5,28,7,26,9,25,9,22,9,18,7,15,6,11,3,8,0,6,-3,4,-6,3,-10,2,0,0,0,0,0,0,0,0,0,0,0,0,0,0,0,0,0,0,0,0,0,0,-4,-10,-2,-8,0,-6,3,-4,7,-3,12,-2,15,-2,19,-3,23,-5,26,-5,28,-8,29,-9,27,-10,26,-12,23,-13,20,-12,17,-9,15,-7,13,-2,13,1,12,6,14,10,16,15,19,18,22,19,25,21]
CSI_DATA,224,9150,-49,128,[83,-80,4,0,2,24,4,22,7,23,8,20,11,19,10,18,12,18,12,17,12,17,14,16,13,17,13,16,14,15,15,16,11,18,14,18,11,18,12,18,9,19,8,19,6,19,7,19,5,19,5,19,1,19,0,0,0,0,0,0,0,0,0,0,0,0,0,0,0,0,0,0,0,0,0,0,4,17,2,17,1,19,0,18,0,20,-2,21,-1,21,2,22,-2,23,-3,25,-5,24,-5,25,-6,23,-7,24,-9,22,-10,23,-12,21,-8,24,-4,23,-7,23,-9,23,-10,22,-13,23,-11,23,-8,24,-6,23]
CSI_DATA,225,9218,-49,128,[83,-80,4,0,17,18,18,16,20,15,18,16,20,12,20,11,21,10,22,10,21,9,22,8,23,3,23,7,22,8,23,8,23,6,22,8,21,10,21,10,19,12,19,11,18,10,17,11,17,11,14,15,14,15,0,0,0,0,0,0,0,0,0,0,0,0,0,0,0,0,0,0,0,0,0,0,12,11,11,12,11,13,11,14,11,15,11,16,11,17,11,19,12,19,10,21,10,22,11,23,8,23,7,24,7,23,7,MOTION,10033,-54,0.83,0
25,7,24,8,24,8,23,9,24,9,23,10,23,10,25,12,23,12,23,14,22]
CSI_DATA,226,9228,-50,128,[83,-80,4,0,-13,-20,-15,-18,-8,-21,-10,-21,-14,-18,-15,-16,-14,-18,-17,-16,-18,-15,-18,-12,-17,-14,-18,-16,-19,-14,-16,-17,-15,-19,-14,-18,-12,-20,-11,-21,-11,-20,-9,-20,-6,-21,-5,-20,-3,-20,-3,-21,-2,-21,0,0,0,0,0,0,0,0,0,0,0,0,0,0,0,0,0,0,0,0,0,0,-1,-17,1,-17,1,-18,4,-18,3,-18,4,-19,5,-19,4,-20,7,-20,6,-21,8,-22,8,-22,7,-22,7,-22,12,-19,10,-20,10,-21,12,-20,11,-20,10,-21,3,-22,5,-23,7,-23,5,-24,-6,-23,-3,-24]
CSI_DATA,227,9253,-49,128,[83,-80,4,0,-13,19,-11,19,-16,14,-15,16,-11,19,-8,19,-10,18,-7,20,-5,19,-3,19,-6,19,-7,20,-4,21,-7,20,-10,20,-9,20,-11,19,-13,18,-11,18,-13,16,-15,15,-16,13,-17,12,-17,12,-18,11,0,0,0,0,0,0,0,0,0,0,0,0,0,0,0,0,0,0,0,0,0,0,-15,8,-16,6,-17,7,-19,5,-19,5,-20,5,-20,5,-21,5,-22,4,-23,4,-24,2,-25,2,-24,3,-25,3,-24,-3,-24,0,-24,0,-25,-2,-25,-1,-25,1,-22,7,-23,6,-24,3,-25,4,-20,14,-20,12]
CSI_DATA,228,9301,-50,128,[83,-80,4,0,-16,18,-11,20,-11,19,-9,20,-4,21,-4,21,-5,20,-3,20,-2,20,-5,19,-6,20,-4,21,-4,20,-4,20,-6,20,-6,20,-7,19,-7,18,-8,18,-9,17,-12,15,-12,14,-11,14,-13,13,-13,12,0,0,0,0,0,0,0,0,0,0,0,0,0,0,0,0,0,0,0,0,0,0,-9,13,-10,12,-10,14,-7,15,-6,15,-7,16,-12,16,-9,18,-13,17,-17,16,-17,15,-18,15,-18,16,-21,12,-21,12,-22,10,-21,10,-19,14,-21,12,-20,12,-21,12,-22,10,-22,12,-23,11,-23,13,-18,17]
CSI_DATA,229,9325,-49,128,[83,-80,4,0,17,-3,14,-9,16,-4,16,-2,13,-9,12,-11,10,-12,9,-12,10,-12,10,-13,10,-13,11,-12,9,-13,11,-11,12,-11,12,-11,13,-10,13,-9,13,-8,13,-7,13,-7,14,-6,13,-5,13,-4,13,-4,0,0,0,0,0,0,0,0,0,0,0,0,0,0,0,0,0,0,0,0,0,0,8,-7,9,-8,11,-8,MOTION,10173,-53,0.95,0
12,-7,13,-5,13,-6,14,-6,15,-4,16,-4,17,-4,17,-1,17,0,17,0,18,-3,17,-1,17,-1,17,-1,17,1,15,7,18,-1,16,2,18,-1,18,-1,18,0,19,1,19,-3]
CSI_DATA,230,9361,-48,128,[83,-80,4,0,24,5,20,-12,21,-9,20,-13,20,-11,21,-7,20,-9,20,-7,20,-9,19,-10,20,-9,20,-9,20,-11,22,-7,22,-8,23,-4,22,-2,22,1,22,2,21,3,21,3,21,2,21,3,20,6,18,6,0,0,0,0,0,0,0,0,0,0,0,0,0,0,0,0,0,0,0,0,0,0,16,-2,16,-2,17,-2,19,0,21,2,21,1,22,4,21,5,22,6,23,8,21,12,23,13,21,13,24,11,24,12,22,16,22,14,21,13,23,0,21,10,23,7,20,13,15,20,21,18,21,16,24,8]
CSI_DATA,231,9402,-48,128,[83,-80,4,0,9,10,7,11,13,5,11,6,11,6,12,5,11,7,11,6,13,2,13,3,12,3,12,2,12,3,14,4,13,3,13,5,12,6,11,6,11,6,10,8,9,7,8,9,8,8,7,8,6,9,0,0,0,0,0,0,0,0,0,0,0,0,0,0,0,0,0,0,0,0,0,0,7,7,6,7,6,9,6,9,6,10,7,10,7,11,5,12,5,13,5,14,6,14,4,15,3,14,2,14,2,13,2,15,3,14,2,15,2,14,1,15,2,14,2,14,1,15,5,14,6,13,8,13]
CSI_DATA,232,9430,-48,128,[83,-80,4,0,-12,-11,-14,-8,-13,-8,-13,-7,-14,-5,-14,-6,-13,-5,-14,-5,-14,-3,-14,-3,-14,-3,-14,-3,-14,-4,-14,-4,-14,-3,-14,-3,-13,-4,-13,-5,-12,-6,-12,-7,-11,-7,-9,-10,-10,-8,-8,-8,-9,-8,0,0,0,0,0,0,0,0,0,0,0,0,0,0,0,0,0,0,0,0,0,0,-9,-6,-9,-6,-9,-7,-10,-8,-10,-8,-10,-9,-10,-9,-10,-10,-9,-11,-10,-11,-10,-13,-9,-14,-9,-13,-8,-14,-7,-14,-8,-15,-7,-15,-8,-14,-7,-14,-9,MOTION,10272,-53,1.04,0
-14,-8,-14,-9,-14,-8,-15,-9,-14,-10,-14,-11,-13]
CSI_DATA,233,9465,-49,128,[83,-80,4,0,22,-8,20,-8,21,-11,12,-17,17,-12,17,-15,14,-16,16,-14,20,-11,20,-9,16,-14,15,-16,15,-15,17,-16,13,-17,17,-18,16,-14,15,-15,16,-13,16,-13,16,-13,18,-10,17,-8,16,-8,16,-6,0,0,0,0,0,0,0,0,0,0,0,0,0,0,0,0,0,0,0,0,0,0,12,10,11,9,14,11,12,12,14,13,12,12,13,15,13,16,15,16,13,19,12,19,13,19,9,21,12,20,12,18,13,22,14,16,17,16,16,14,21,9,20,10,18,15,15,19,9,22,10,20,14,17]
CSI_DATA,234,9491,-48,128,[83,-80,4,0,-1,25,0,24,1,24,5,22,4,22,3,21,7,20,7,21,7,20,9,20,10,19,10,20,9,20,8,21,6,22,6,22,6,21,4,21,4,21,3,21,2,21,0,20,0,20,-2,19,-3,19,0,0,0,0,0,0,0,0,0,0,0,0,0,0,0,0,0,0,0,0,0,0,0,16,-2,16,-3,16,-3,17,-5,18,-5,18,-5,19,-7,19,-8,20,-9,20,-10,21,-10,21,-11,20,-12,21,-12,20,-12,21,-13,20,-11,20,-9,21,-9,22,-8,21,-7,23,-8,23,-10,23,-9,24,-7,24]
CSI_DATA,235,9531,-49,128,[83,-80,4,0,-14,-21,-15,-20,-17,-18,-15,-19,-20,-12,-15,-18,-14,-19,-19,-14,-19,-14,-17,-16,-19,-12,-18,-15,-20,-13,-19,-11,-16,-18,-16,-16,-16,-17,-17,-15,-14,-18,-13,-17,-14,-16,1,-16,-6,-19,-8,-18,-2,-19,0,0,0,0,0,0,0,0,0,0,0,0,MOTION,10383,-54,1.06,0
0,0,0,0,0,0,0,0,0,0,-2,-18,-2,-19,-1,-19,0,-21,0,-21,0,-22,2,-22,2,-23,3,-24,5,-25,5,-25,6,-26,8,-25,8,-25,7,-25,6,-26,6,-25,9,-25,4,-26,7,-25,5,-26,8,-26,4,-26,0,-28,2,-26,1,-27]
CSI_DATA,236,9568,-48,128,[83,-80,4,0,24,-1,23,-4,22,-6,21,-10,19,-12,21,-6,19,-10,20,-10,15,-15,18,-13,17,-13,18,-14,18,-13,18,-13,16,-14,20,-12,18,-11,19,-10,18,-9,19,-6,19,-7,18,-7,18,-5,18,-2,18,-1,0,0,0,0,0,0,0,0,0,0,0,0,0,0,0,0,0,0,0,0,0,0,15,-4,16,-2,17,-2,17,1,18,-1,18,-1,19,1,19,0,21,1,22,3,22,5,22,6,23,4,22,7,22,5,23,5,22,8,21,7,22,5,23,5,22,4,23,6,23,1,24,7,24,6,24,5]
CSI_DATA,237,9596,-49,128,[83,-80,4,0,23,-11,21,-14,14,-20,13,-20,8,-22,9,-22,8,-21,8,-21,6,-22,6,-22,6,-22,7,-22,7,-23,4,-23,3,-23,6,-23,9,-21,6,-22,9,-22,10,-20,10,-21,10,-19,12,-18,13,-18,16,-14,0,0,0,0,0,0,0,0,0,0,0,0,0,0,0,0,0,0,0,0,0,0,13,-10,14,-10,15,-9,17,-9,18,-8,19,-9,19,-9,20,-10,22,-7,22,-9,24,-7,24,-7,25,-4,25,-2,24,-5,25,-7,24,-4,24,-3,25,-3,25,-3,25,3,25,-7,26,-1,25,-9,26,-2,26,0]
CSI_DATA,238,9632,-48,128,[83,-80,4,0,-10,21,-13,20,-10,20,-9,20,-5,22,-1,21,0,22,-5,20,8,19,9,18,4,20,2,21,-1,21,1,21,2,21,2,21,-1,20,1,20,-3,20,-3,19,-3,20,-6,18,-7,17,-8,17,-9,16,0,0,0,0,0,0,0,0,0,0,0,0,0,0,0,0,0,0,0,0,0,0,-4,15,-5,15,-6,15,-7,16,-8,16,-8,16,-9,17,-11,17,-11,18,-14,18,-14,19,-16,19,-16,17,-19,16,-17,17,-19,13,-16,16,-12,19,-16,18,-12,22,-15,19,-15,20,-5,23,-11,22,-3,24,-16,19]
CSI_DATA,239,9664,-45,128,[83,-80,4,0,4,-11,-1,-12,0,-11,1,-11,0,-11,0,-11,4,-9,5,-10,2,-10,-1,-11,4,-10,1,-10,1,-11,-1,-11,1,-11,MOTION,10513,-53,1.13,0
2,-11,4,-10,4,-9,4,-9,4,-9,5,-9,5,-8,6,-8,7,-7,7,-6,0,0,0,0,0,0,0,0,0,0,0,0,0,0,0,0,0,0,0,0,0,0,4,-6,3,-7,5,-6,6,-5,6,-5,7,-6,6,-7,6,-6,8,-7,8,-7,9,-7,8,-6,9,-6,6,-8,8,-6,9,-4,8,-7,8,-7,10,-1,10,-6,10,-4,10,-5,9,-7,10,-7,11,-4,8,-9]
CSI_DATA,240,9696,-49,128,[83,-80,4,0,26,1,23,-2,24,-6,20,-10,21,-6,21,-8,21,-9,19,-11,21,-9,19,-12,19,-11,18,-11,18,-12,19,-14,19,-12,21,-12,20,-8,21,-7,20,-4,20,-4,20,-3,20,-3,20,-2,20,0,18,3,0,0,0,0,0,0,0,0,0,0,0,0,0,0,0,0,0,0,0,0,0,0,16,-1,16,0,17,1,18,4,19,4,19,5,20,6,19,8,21,9,21,11,21,13,20,15,19,15,17,16,17,15,19,17,17,16,20,17,19,15,20,16,20,15,20,13,23,14,24,12,25,9,23,9]
CSI_DATA,241,9739,-49,128,[83,-80,4,0,-21,-19,-21,-14,-24,-10,-23,-5,-24,-4,-24,-3,-24,-1,-26,0,-25,-5,-25,-5,-24,-6,-24,-5,-25,-1,-26,-2,-26,-3,-26,-3,-23,-6,-25,-4,-23,-6,-23,-5,-21,-9,-21,-9,-19,-13,-17,-14,-15,-15,0,0,0,0,0,0,0,0,0,0,0,0,0,0,0,0,0,0,0,0,0,0,-10,-12,-11,-12,-10,-14,-9,-16,-10,-17,-10,-17,-12,-17,-13,-18,-11,-19,-9,-21,-4,-24,-4,-24,-1,-23,0,-24,-3,-22,-3,-25,-2,-24,-5,-26,-5,-24,-9,-23,-11,-22,-11,-23,-12,-24,-9,-26,-12,-24,-14,-23]
CSI_DATA,242,9782,-48,128,[83,-80,4,0,8,-22,2,-24,-22,-8,-17,-14,-4,-21,-9,-20,-19,-12,-20,-10,-19,-12,-21,-8,-21,-8,-20,-9,-20,-10,MOTION,10613,-53,1.19,0
-21,-11,-20,-15,-19,-13,-18,-16,-18,-15,-15,-18,-14,-17,-12,-18,-12,-17,-11,-18,-9,-17,-7,-18,0,0,0,0,0,0,0,0,0,0,0,0,0,0,0,0,0,0,0,0,0,0,2,-17,2,-18,3,-18,4,-19,4,-20,5,-20,6,-19,4,-21,8,-21,9,-21,9,-23,11,-22,12,-21,15,-18,12,-19,17,-17,12,-20,12,-20,11,-21,14,-19,8,-22,11,-23,9,-23,5,-25,6,-25,4,-26]
CSI_DATA,243,9798,-49,128,[83,-80,4,0,-18,19,-18,19,-15,20,-12,21,-12,21,-9,22,-11,20,-8,22,-8,22,-7,23,-8,22,-8,22,-9,22,-8,22,-9,22,-11,22,-11,21,-12,20,-14,19,-14,18,-15,17,-16,15,-16,14,-17,10,-18,10,0,0,0,0,0,0,0,0,0,0,0,0,0,0,0,0,0,0,0,0,0,0,-12,11,-12,11,-13,11,-15,11,-16,11,-18,10,-19,11,-20,8,-21,9,-22,9,-23,9,-25,6,-25,4,-26,3,-25,2,-25,3,-24,6,-25,5,-26,5,-26,4,-24,7,-25,9,-26,7,-27,9,-25,11,-24,11]
CSI_DATA,244,9841,-49,128,[83,-80,4,0,-9,23,-20,14,-5,23,-4,23,-3,22,0,23,-5,22,6,20,-1,22,6,21,0,23,3,23,0,23,-3,23,-3,23,-6,23,-8,22,-10,22,-12,19,-13,19,-15,17,-11,17,-16,13,-15,13,-15,14,0,0,0,0,0,0,0,0,0,0,0,0,0,0,0,0,0,0,0,0,0,0,-16,4,-16,5,-17,3,-18,6,-19,4,-20,4,-21,2,-21,3,-22,1,-23,0,-23,-3,-23,-5,-24,-4,-24,-4,-23,-2,-21,1,-21,-12,-23,-3,-24,2,-20,-13,-25,-4,-24,-6,-24,-6,-26,-2,-26,-4,-26,-2]
MOTION,10723,-54,1.16,0
CSI_DATA,245,9881,-48,128,[83,-80,4,0,10,-24,4,-25,7,-24,11,-22,6,-23,6,-22,4,-23,3,-23,2,-22,4,-22,2,-23,3,-22,2,-22,5,-21,5,-21,6,-21,6,-20,6,-19,7,-19,8,-18,9,-18,9,-17,10,-15,11,-14,12,-12,0,0,0,0,0,0,0,0,0,0,0,0,0,0,0,0,0,0,0,0,0,0,10,-10,13,-3,12,-7,14,-8,16,-8,14,-11,17,-7,16,-12,19,-7,19,-11,18,-12,21,-8,21,-6,23,-4,22,-5,18,-10,19,-13,19,-14,19,-14,21,-12,21,-12,22,-13,12,-22,13,-22,23,-13,15,-21]
CSI_DATA,246,9915,-49,128,[83,-80,4,0,-26,-5,-25,4,-25,-6,-24,4,-24,-5,-23,-5,-24,-2,-23,5,-24,1,-24,2,-23,5,-24,-2,-25,-2,-26,-1,-26,-1,-25,-3,-26,-5,-25,-4,-24,-6,-24,-4,-22,-7,-21,-6,-20,-4,-20,-5,-18,-5,0,0,0,0,0,0,0,0,0,0,0,0,0,0,0,0,0,0,0,0,0,0,-13,-12,-13,-13,-13,-13,-14,-14,-15,-15,-14,-16,-15,-16,-12,-20,-12,-20,-11,-21,-12,-22,-13,-22,-10,-23,-11,-22,-12,-21,-11,-23,-10,-23,-8,-25,-6,-24,-8,-25,-9,-23,-17,-19,-17,-21,-21,-17,-11,-24,-16,-22]
CSI_DATA,247,9970,-49,128,[83,-80,4,0,24,-8,24,5,24,-1,19,-16,22,-1,23,-4,23,-3,19,8,22,-1,19,-11,21,-9,19,-11,22,-10,20,-11,22,-9,22,-9,23,-4,23,-5,23,-2,23,0,23,-2,21,2,20,1,19,7,18,7,0,0,0,0,0,0,0,0,0,0,0,0,0,0,0,0,0,0,0,0,0,0,5,14,7,16,8,15,4,17,6,18,6,19,6,22,4,21,8,21,4,22,1,23,-1,23,3,23,6,24,-1,25,5,24,3,25,8,22,-6,22,2,25,-9,20,22,12,-3,25,5,25,25,2,17,18]
CSI_DATA,248,9994,-49,128,[83,-80,4,0,24,-3,23,3,23,8,22,9,22,8,22,6,22,6,22,7,22,4,23,2,21,5,23,4,23,5,23,6,23,7,22,8,20,10,18,12,18,13,16,14,16,14,14,15,15,14,13,16,10,17,0,0,0,0,0,0,0,0,0,0,0,0,0,0,0,0,0,0,0,0,0,0,4,14,3,14,4,14,4,15,4,16,5,16,4,18,3,18,MOTION,10853,-55,1.16,0
2,19,0,20,0,21,0,21,-3,21,-1,22,-4,21,-3,22,-3,21,-1,22,-3,21,3,22,-1,22,6,22,5,24,10,22,19,15,19,15]
CSI_DATA,249,10045,-45,128,[83,-80,4,0,8,5,9,8,5,8,6,10,6,8,7,7,6,8,7,7,6,7,7,6,6,8,6,8,7,8,6,6,8,9,5,7,6,10,3,9,4,9,3,9,2,9,1,8,1,9,0,8,-2,9,0,0,0,0,0,0,0,0,0,0,0,0,0,0,0,0,0,0,0,0,0,0,-3,5,-3,6,-3,5,-3,7,-3,6,-4,8,-3,8,-4,7,-4,8,-5,6,-6,7,-7,7,-8,6,-8,7,-9,8,-6,6,-8,8,-6,7,-8,8,-5,9,-6,8,-4,10,-5,8,-4,11,1,11,2,11]
CSI_DATA,250,10085,-48,128,[83,-80,4,0,20,-9,22,-4,22,2,22,2,21,1,21,-1,21,0,22,0,21,-3,21,-4,20,-2,21,-3,21,-2,21,-2,23,0,22,1,21,3,19,5,19,7,18,8,18,8,17,9,17,8,15,10,13,13,0,0,0,0,0,0,0,0,0,0,0,0,0,0,0,0,0,0,0,0,0,0,7,11,6,12,7,11,8,13,7,13,8,13,8,15,7,15,7,16,5,17,6,18,5,19,2,19,5,19,2,19,3,20,3,20,5,20,3,19,9,19,5,19,11,17,9,20,15,18,21,9,21,9]
CSI_DATA,251,10100,-45,128,[83,-80,4,0,-5,10,-6,9,-5,9,-4,9,-5,9,-5,9,-4,9,-4,9,-4,9,-4,10,-5,9,-6,9,-6,8,-6,8,-6,8,-7,8,-7,8,-8,7,-8,6,-8,6,-8,5,-9,4,-9,4,-9,3,-9,2,0,0,0,0,0,0,0,0,0,0,0,0,0,0,0,0,0,0,0,0,0,0,-6,2,-6,2,-6,2,-7,2,-7,2,-7,2,-8,1,-8,1,-8,1,-9,0,-9,0,-9,-1,-9,-2,-10,-2,-10,-1,-10,-2,-10,-1,-10,-1,-11,0,-11,0,-10,1,-11,1,-11,0,-10,4,-10,5,-8,7]
MOTION,10953,-54,1.12,0
CSI_DATA,252,10124,-50,128,[11,49,16,0,20,-18,20,-17,17,-14,16,-12,16,-10,17,-6,19,-4,21,-3,22,-3,24,-4,26,-5,27,-7,27,-9,25,-11,24,-13,21,-13,18,-13,14,-12,12,-10,9,-8,8,-5,6,-2,6,1,7,3,8,6,0,0,0,0,0,0,0,0,0,0,0,0,0,0,0,0,0,0,0,0,0,0,-3,-10,-1,-9,0,-9,2,-9,4,-9,7,-9,9,-10,11,-12,13,-14,14,-17,14,-19,14,-20,14,-20,11,-21,11,-21,12,-20,10,-16,12,-15,13,-15,12,-14,18,-12,20,-13,20,-15,23,-17,25,-16,24,-19]
CSI_DATA,253,10174,-49,128,[83,-80,4,0,23,-8,23,-7,19,-13,21,-12,19,-12,22,-5,20,-11,20,-10,19,-13,19,-14,21,-10,20,-9,21,-9,22,-5,23,-3,23,-4,22,-1,22,-1,22,1,21,4,18,7,21,9,18,10,15,12,17,8,0,0,0,0,0,0,0,0,0,0,0,0,0,0,0,0,0,0,0,0,0,0,14,-2,15,-2,16,-3,17,-1,16,0,18,2,18,3,17,3,17,7,18,6,19,7,20,8,18,11,20,8,14,16,13,17,19,8,19,10,17,13,16,14,19,10,20,10,22,5,22,7,24,3,22,-9]
CSI_DATA,254,10209,-48,128,[83,-80,4,0,-21,17,-24,14,-22,15,-16,21,-20,15,-10,23,-6,24,-2,24,-5,24,-9,23,-10,22,-10,21,-11,21,-11,22,-13,22,-15,21,-14,20,-15,18,-14,18,-15,17,-15,15,-15,16,-14,15,-15,14,-15,11,0,0,0,0,0,0,0,0,0,0,0,0,0,0,0,0,0,0,0,0,0,0,-13,5,-13,5,-11,7,-15,-5,2,-13,-13,-11,-18,-9,-20,-2,-20,2,-15,-16,-7,-18,-15,-18,-17,-12,-16,-18,-17,-16,-15,-19,-16,-18,-24,-8,-26,MOTION,11053,-55,0.96,0
0,-23,-12,-25,4,-26,5,-27,3,-27,-7,23,1,-24,-11]
CSI_DATA,255,10251,-48,128,[83,-80,4,0,16,-19,15,-20,2,-24,8,-24,10,-21,3,-24,8,-23,9,-22,-8,-22,-4,-23,2,-24,3,-23,4,-25,8,-23,11,-21,8,-23,12,-22,10,-21,11,-21,12,-18,8,-20,12,-17,15,-16,18,-11,18,-9,0,0,0,0,0,0,0,0,0,0,0,0,0,0,0,0,0,0,0,0,0,0,12,-8,13,-8,13,-8,14,-8,15,-7,16,-7,17,-5,17,-5,18,-5,19,-4,21,-3,21,-3,20,-4,20,-7,21,-4,21,-1,20,-4,21,-4,18,-13,21,-9,20,-9,18,-15,22,-6,19,-16,19,-17,16,-19]
CSI_DATA,256,10260,-49,128,[83,-80,4,0,22,14,25,-1,25,5,25,4,23,6,23,5,22,10,25,-5,23,7,25,3,24,0,25,-4,23,-8,19,-14,25,-9,22,-9,20,-13,21,-11,23,-11,20,-11,22,-11,19,-11,17,-14,21,-10,19,-10,0,0,0,0,0,0,0,0,0,0,0,0,0,0,0,0,0,0,0,0,0,0,-16,-2,-15,-4,-16,-7,-17,-5,-17,-4,-18,-5,-18,-7,-21,-3,-19,-8,-20,-7,-22,-8,-25,-3,-23,2,-23,2,-22,4,-17,14,-22,-7,-23,-1,-19,-12,-23,7,-24,4,-3,23,-15,21,-19,19,-19,-18,25,-4]
CSI_DATA,257,10294,-45,128,[83,-80,4,0,10,-2,8,-8,9,-6,9,-6,9,-5,8,-6,9,-4,6,-9,9,-5,8,-7,7,-8,6,-9,4,-10,1,-10,4,-11,3,-10,1,-10,2,-10,3,-11,2,-10,2,-11,2,-10,0,-10,3,-10,3,-10,0,0,0,0,0,0,0,0,0,0,0,0,0,0,0,0,0,0,0,0,0,0,-7,3,-7,3,-8,1,-8,3,-8,3,-9,3,-9,2,-9,4,-10,2,-10,3,-11,3,-11,5,-8,6,-9,7,-7,7,-3,9,-10,3,-9,6,-11,0,-7,8,-7,7,5,9,0,11,-2,11,-12,-1,7,-8]
CSI_DATA,258,10344,-49,128,[83,-80,4,0,-21,17,-20,14,-26,8,-14,21,-17,18,-14,20,-20,15,-19,17,-16,20,-21,16,-24,7,-23,13,-21,13,-24,9,-21,11,-26,10,-24,2,-24,4,-25,0,-23,-2,-22,-2,-23,-7,-25,-4,-23,-7,-23,-4,0,0,0,0,0,0,0,0,0,0,0,0,0,0,0,0,0,0,0,0,0,0,-15,0,-14,0,-17,1,-17,0,-19,-1,-18,-3,-20,-2,-19,-5,-20,-3,-21,-6,-21,-9,-20,-10,-19,MOTION,11193,-54,0.95,0
-11,-20,-11,-17,-13,-19,-16,-18,-14,-20,-15,-20,-13,-20,-14,-20,-14,-21,-12,-26,-6,-26,-5,-23,13,-22,13]
CSI_DATA,259,10378,-49,128,[-56,1,28,0,19,7,18,6,16,5,14,5,12,6,10,7,9,8,8,10,9,11,10,12,10,13,12,14,13,14,14,13,15,12,15,10,14,8,13,7,11,5,9,4,7,3,5,3,2,4,0,5,-1,6,0,0,0,0,0,0,0,0,0,0,0,0,0,0,0,0,0,0,0,0,0,0,4,-7,4,-5,4,-4,5,-3,6,-1,7,0,9,1,11,2,13,2,16,1,17,1,18,0,18,-1,18,-2,17,-2,16,-2,14,-2,14,-1,13,0,12,2,12,4,13,6,15,7,17,9,19,9,19,9]
CSI_DATA,260,10407,-48,128,[83,-80,4,0,21,1,22,-1,18,-9,20,-9,18,-10,18,-8,16,-13,18,-7,18,-3,21,0,20,-3,19,-4,21,-2,20,-2,22,-2,21,-2,21,2,20,1,19,1,20,2,18,4,15,10,14,13,14,13,12,14,0,0,0,0,0,0,0,0,0,0,0,0,0,0,0,0,0,0,0,0,0,0,13,-3,14,-1,13,-2,15,3,14,6,17,-1,10,6,10,9,7,11,10,11,12,15,18,11,16,7,3,19,17,10,14,13,17,14,5,18,18,11,15,11,20,-2,20,-8,20,0,19,-6,22,9,21,-5]
CSI_DATA,261,10454,-48,128,[83,-80,4,0,-22,7,20,4,3,-21,-21,1,-14,16,-10,20,-19,8,-12,19,-6,22,-15,18,-15,17,-19,13,-23,8,-21,14,-22,10,-24,6,-25,5,-25,2,-24,-2,-24,-5,-22,-8,-22,-9,-22,-10,-18,-13,-15,-17,0,0,0,0,0,0,0,0,0,0,0,0,0,0,0,0,0,0,0,0,0,0,14,1,16,MOTION,11293,-55,0.89,0
1,18,1,19,0,18,6,18,1,18,5,15,10,17,5,13,15,10,20,1,19,-1,21,-8,19,-5,20,-5,20,1,22,7,21,-4,22,0,23,-8,21,-9,21,-19,15,-18,17,-11,23,6,25]
CSI_DATA,262,10489,-47,128,[83,-80,4,0,-7,24,2,24,-1,24,-1,23,4,22,5,22,5,22,4,23,9,20,4,23,3,22,2,21,7,20,5,22,4,22,2,23,2,22,0,22,0,21,-2,21,-2,21,-4,20,-5,19,-6,18,-7,18,0,0,0,0,0,0,0,0,0,0,0,0,0,0,0,0,0,0,0,0,0,0,-5,14,-6,13,-7,14,-9,15,-10,13,-8,15,-9,16,-9,16,-9,17,-10,18,-13,18,-11,19,-13,17,-15,17,-10,18,-12,19,-10,18,-15,16,-11,19,-8,21,-11,21,-9,21,-12,20,-8,23,-13,21,-8,22]
CSI_DATA,263,10516,-46,128,[83,-80,4,0,-15,-11,-15,-10,-15,-10,-15,-9,-14,-9,-14,-9,-14,-10,-15,-9,-14,-10,-16,-9,-15,-8,-15,-9,-16,-7,-16,-8,-15,-8,-15,-9,-13,-10,-13,-11,-12,-11,-11,-12,-11,-11,-10,-11,-9,-12,-9,-12,-8,-11,0,0,0,0,0,0,0,0,0,0,0,0,0,0,0,0,0,0,0,0,0,0,-7,-8,-8,-8,-6,-9,-7,-10,-7,-11,-7,-11,-7,-12,-6,-12,-6,-13,-6,-14,-6,-14,-5,-16,-5,-15,-6,-15,-6,-14,-6,-16,-5,-16,-6,-16,-6,-15,-6,-15,-7,-15,-9,-14,-9,-15,-10,-15,-10,-15,-12,-14]
CSI_DATA,264,10557,-44,128,[83,-80,4,0,1,-13,1,-12,0,-13,0,-12,1,-11,1,-11,1,-11,0,-11,1,-11,-1,-11,-1,-11,0,-12,-1,-12,-1,-12,0,MOTION,11392,-54,0.87,0
-11,1,-11,1,-11,2,-11,3,-10,3,-10,3,-10,3,-9,3,-9,4,-9,4,-8,0,0,0,0,0,0,0,0,0,0,0,0,0,0,0,0,0,0,0,0,0,0,1,-7,1,-8,3,-7,3,-7,4,-8,4,-8,4,-8,4,-8,4,-8,6,-8,5,-8,6,-8,7,-8,6,-8,6,-8,7,-9,7,-8,6,-8,7,-8,7,-8,6,-9,5,-10,5,-10,5,-11,5,-11,4,-11]
CSI_DATA,265,10583,-46,128,[83,-80,4,0,3,19,3,17,6,18,5,17,4,17,4,17,3,17,5,17,3,18,5,17,5,17,4,17,5,17,7,17,5,17,4,18,2,16,2,16,1,16,-1,16,0,16,-2,15,-2,14,-3,14,-3,14,0,0,0,0,0,0,0,0,0,0,0,0,0,0,0,0,0,0,0,0,0,0,-1,10,0,10,-2,11,-3,11,-3,12,-3,12,-3,12,-4,12,-3,14,-6,14,-6,14,-8,15,-8,14,-7,14,-7,14,-6,15,-7,14,-6,15,-6,14,-6,15,-6,15,-2,17,-4,18,-3,18,-4,19,-1,18]
CSI_DATA,266,10618,-47,128,[83,-80,4,0,-7,-27,-8,-27,-8,-26,-4,-26,-7,-25,-4,-25,-10,-24,-8,-26,-8,-23,-14,-21,-12,-22,-9,-23,-12,-21,-10,-23,-9,-24,-8,-24,-7,-24,-7,-24,-6,-23,-6,-23,-3,-23,-4,-22,-2,-21,-1,-21,0,-20,0,0,0,0,0,0,0,0,0,0,0,0,0,0,0,0,0,0,0,0,0,0,2,-15,3,-15,3,-16,3,-17,4,-17,4,-18,4,-18,5,-19,6,-20,8,-20,8,-21,7,-23,8,-22,10,-21,10,-21,10,-22,8,-22,6,-23,7,-23,7,-24,6,-23,8,-24,6,-25,4,-26,2,-27,1,-27]
CSI_DATA,267,10657,-47,128,[83,-80,4,0,-1,27,1,27,6,25,7,24,5,24,9,22,6,23,3,24,9,20,7,22,2,23,4,23,3,24,2,25,1,25,-2,24,-5,24,-6,22,-6,22,-7,21,-7,20,-6,19,-8,19,-8,18,-10,16,0,0,0,0,0,0,0,0,0,0,0,0,0,0,0,0,0,0,0,0,0,0,-5,14,-7,15,-6,15,-7,17,-10,16,-10,17,-8,18,-8,19,-6,20,-8,21,-10,22,-10,22,-10,21,-11,22,-16,18,-12,22,-11,22,-11,20,-8,23,-6,24,-4,24,-4,24,-9,24,-11,25,-9,26,-4,26]
CSI_DATA,268,10704,-47,128,[83,-80,4,0,-15,24,-8,26,-9,25,-8,25,-9,23,-6,24,-9,23,-7,24,-8,23,-8,23,-7,23,-8,23,-7,24,-8,24,-9,24,MOTION,11523,-55,0.87,0
-10,24,-11,21,-9,22,-10,20,-12,18,-12,18,-13,17,-13,15,-16,12,-16,12,0,0,0,0,0,0,0,0,0,0,0,0,0,0,0,0,0,0,0,0,0,0,-3,14,-2,15,-9,12,-7,14,-12,13,-9,15,-11,17,-8,16,-14,10,-15,17,-17,15,-18,14,-20,13,-21,10,-17,17,-15,19,-22,7,-19,15,-18,15,-15,21,-18,17,-21,16,-16,19,-18,20,-17,23,-11,25]
CSI_DATA,269,10743,-48,128,[83,-80,4,0,-18,-26,-13,-20,-19,-21,-16,-13,-10,-21,-19,-18,-22,-12,-23,-17,13,-13,-13,-21,-19,-12,-8,-25,-14,-20,-9,-27,-11,-21,-10,-27,8,-15,-3,-23,9,-14,-3,-23,9,-16,3,-25,0,-21,-6,-15,-4,-18,0,0,0,0,0,0,0,0,0,0,0,0,0,0,0,0,0,0,0,0,0,0,-12,-13,-10,-11,-12,-17,-10,-14,-12,-19,-9,-15,-11,-17,-11,-19,-9,-20,-11,-24,-8,-24,-5,-25,-5,-24,-3,-26,-4,-21,-3,-29,-2,-22,-4,-28,-3,-22,-9,-24,-8,-25,-6,-26,-10,-29,-7,-27,-10,-28,-12,-25]
CSI_DATA,270,10761,-47,128,[83,-80,4,0,-14,-24,-17,-19,-17,-22,-19,-16,-17,-18,-17,-18,-17,-16,-19,-17,-13,-21,-14,-20,-14,-18,-14,-20,-14,-18,-15,-19,-15,-18,-15,-18,-16,-16,-15,-18,-16,-15,-14,-17,-11,-19,-10,-20,-5,-20,-5,-20,-3,-19,0,0,0,0,0,0,0,0,0,0,0,0,0,0,0,0,0,0,0,0,0,0,-8,-14,-8,-14,-7,-16,-8,-16,-8,-17,-7,-18,-7,-19,-7,-20,-6,-21,-6,-22,-5,-22,-3,-24,-2,-24,1,-24,0,-24,0,-26,-2,-25,0,-26,-3,-25,-4,-26,-6,-25,-7,-25,-8,-26,-10,-25,-14,-24,-13,-24]
MOTION,11633,-52,0.89,0
CSI_DATA,271,10821,-47,128,[83,-80,4,0,-23,-10,-24,-5,-23,-7,-23,-4,-22,-7,-22,-3,-22,-2,-22,-1,-22,-4,-23,-5,-23,-2,-23,-2,-23,-2,-23,-4,-22,-5,-22,-5,-22,-7,-21,-7,-20,-9,-19,-9,-19,-10,-18,-10,-17,-11,-16,-12,-15,-12,0,0,0,0,0,0,0,0,0,0,0,0,0,0,0,0,0,0,0,0,0,0,-16,-5,-15,-8,-16,-6,-17,-8,-16,-11,-18,-9,-15,-14,-14,-16,-17,-14,-18,-15,-18,-16,-15,-20,-10,-20,-15,-19,-13,-20,-15,-19,-15,-20,-18,-16,-18,-17,-17,-17,-17,-17,-21,-13,-15,-21,-21,-16,-21,-14,-21,-13]
CSI_DATA,272,10838,-47,128,[83,-80,4,0,16,4,13,9,15,6,16,2,16,-3,16,-6,14,-7,13,-8,15,-6,14,-9,16,-6,15,-7,16,-6,17,-5,17,-5,18,-3,17,-2,17,-1,16,0,16,0,15,2,15,2,15,-1,14,3,13,3,0,0,0,0,0,0,0,0,0,0,0,0,0,0,0,0,0,0,0,0,0,0,10,3,9,4,10,4,10,5,10,5,11,5,11,5,10,8,11,8,12,8,12,9,13,9,12,9,12,10,11,10,11,11,9,12,10,11,11,10,14,7,14,5,15,6,17,2,17,-1,17,4,17,3]
CSI_DATA,273,10890,-48,128,[83,-80,4,0,23,-2,25,-1,23,1,24,0,23,1,23,-1,22,-5,23,-3,22,-7,23,-2,23,-4,23,-8,21,-11,22,-8,23,-8,23,-3,23,-5,23,-5,24,-1,23,-1,23,0,21,3,20,1,20,2,19,5,0,0,0,0,0,0,0,0,0,0,0,0,0,0,0,0,0,0,0,0,0,0,16,4,16,5,16,7,18,7,18,8,17,11,MOTION,11733,-52,0.96,0
18,11,19,13,19,14,18,15,19,16,20,14,17,18,18,17,20,17,19,18,21,12,19,17,14,19,12,21,21,10,19,14,17,18,22,13,21,15,23,6]
CSI_DATA,274,10911,-48,128,[83,-80,4,0,21,-11,22,-11,21,-9,21,-10,21,-9,20,-11,17,-14,18,-11,17,-15,19,-12,18,-13,17,-16,14,-18,16,-16,16,-16,19,-13,18,-13,17,-14,19,-11,19,-11,19,-10,19,-7,18,-8,18,-7,18,-3,0,0,0,0,0,0,0,0,0,0,0,0,0,0,0,0,0,0,0,0,0,0,15,-4,15,-2,16,-1,18,-2,18,-1,19,1,19,1,21,2,21,3,22,4,23,4,23,2,21,6,22,5,23,4,23,6,23,-1,23,6,21,9,20,11,23,-2,23,2,23,7,25,0,25,2,23,-6]
CSI_DATA,275,10925,-48,128,[83,-80,4,0,-27,3,-26,6,-24,8,-23,9,-21,12,-22,11,-22,9,-22,8,-20,11,-20,12,-22,11,-22,11,-22,11,-21,11,-22,12,-22,11,-21,9,-21,9,-21,6,-21,6,-21,5,-21,4,-21,3,-20,2,-20,1,0,0,0,0,0,0,0,0,0,0,0,0,0,0,0,0,0,0,0,0,0,0,-15,2,-16,3,-16,3,-18,3,-18,3,-20,2,-20,1,-21,0,-22,0,-23,-1,-24,-2,-25,-3,-24,-3,-25,-2,-24,-1,-25,-2,-25,-5,-24,-1,-26,-1,-25,-3,-26,-2,-26,1,-26,0,-28,-1,-28,2,-27,-1]
CSI_DATA,276,10957,-49,128,[83,-80,4,0,-23,-14,-25,-10,-25,-7,-22,-14,-21,-11,-21,-14,-20,-13,-19,-15,-22,-9,-23,-9,-22,-7,-22,-10,-24,-8,-25,-7,-25,-6,-23,-9,-21,-13,-21,-14,-18,-16,-18,-16,-20,-13,-16,-16,-15,-17,-10,-19,-14,-17,0,0,0,0,0,0,0,0,0,0,0,0,0,0,0,0,0,0,0,0,0,0,-8,-15,-9,-15,-7,-16,-7,-18,-5,-19,-5,-20,-5,-20,-5,-21,-6,-22,-6,-23,-7,-24,-6,-25,-4,-25,-4,-25,-2,-24,-1,-25,0,-26,-9,-24,-3,-26,-6,-25,-5,-25,-3,-27,-7,-26,-13,-24,-12,-25,-11,-25]
CSI_DATA,277,11001,-48,128,[83,-80,4,0,18,16,19,14,23,7,17,15,19,11,19,11,20,8,21,8,21,9,22,8,21,7,19,11,20,11,19,13,22,10,22,10,MOTION,11863,-52,1.00,0
21,11,20,12,20,12,19,13,16,15,17,13,15,15,14,16,12,16,0,0,0,0,0,0,0,0,0,0,0,0,0,0,0,0,0,0,0,0,0,0,9,13,8,14,7,14,8,17,6,17,7,17,3,19,5,20,7,20,5,21,4,23,3,25,-1,23,2,24,0,23,-1,24,0,23,1,24,-1,24,3,23,3,22,1,24,4,24,4,24,2,24,13,19]
CSI_DATA,278,11040,-49,128,[83,-80,4,0,23,-11,23,-12,19,-15,23,-12,17,-16,15,-19,15,-19,14,-19,15,-18,18,-15,16,-19,18,-16,17,-18,18,-14,20,-15,20,-14,19,-13,19,-11,20,-9,19,-11,20,-10,20,-8,20,-5,21,-5,21,-4,0,0,0,0,0,0,0,0,0,0,0,0,0,0,0,0,0,0,0,0,0,0,16,-6,17,-4,17,-5,19,-6,20,-1,21,-2,21,-1,22,1,22,2,22,3,23,1,24,2,24,4,24,6,24,8,24,4,25,2,24,4,26,0,25,6,24,6,24,9,25,2,26,-3,27,0,22,-14]
CSI_DATA,279,11072,-45,128,[83,-80,4,0,8,6,8,3,8,5,7,1,9,-1,8,1,8,2,8,-1,9,1,5,6,9,1,9,2,8,2,10,2,8,2,9,3,7,2,8,2,9,1,8,2,7,1,7,4,6,4,5,5,4,5,0,0,0,0,0,0,0,0,0,0,0,0,0,0,0,0,0,0,0,0,0,0,1,6,1,6,0,8,0,7,-1,8,-1,7,-1,8,1,8,0,9,-3,10,-4,10,-3,10,-3,10,-5,9,-2,9,-6,9,-2,9,-3,10,2,8,3,9,2,9,5,8,3,10,-2,11,1,10,5,8]
CSI_DATA,280,11102,-49,128,[83,-80,4,0,21,1,23,-5,22,1,21,-7,17,-11,20,-5,20,-3,18,-8,19,-6,19,7,20,-8,20,-7,21,-5,21,-5,23,-3,20,MOTION,11963,-52,1.02,0
-1,22,-2,21,-1,20,-2,20,-2,18,-1,18,4,19,2,17,6,15,9,0,0,0,0,0,0,0,0,0,0,0,0,0,0,0,0,0,0,0,0,0,0,13,8,13,9,11,10,13,13,11,13,12,16,11,15,13,15,12,16,9,19,10,22,11,21,11,21,7,24,10,21,3,23,10,23,8,21,18,13,17,14,15,16,20,10,18,13,13,21,16,17,23,9]
CSI_DATA,281,11142,-49,128,[83,-80,4,0,-7,22,3,23,5,23,11,19,16,14,12,17,15,17,17,15,21,8,18,13,17,14,18,12,17,15,19,15,16,18,15,17,14,18,12,18,10,20,9,19,7,20,6,20,3,20,-1,20,-1,20,0,0,0,0,0,0,0,0,0,0,0,0,0,0,0,0,0,0,0,0,0,0,15,8,15,8,16,9,16,10,15,14,12,17,14,17,11,18,12,20,11,21,9,22,10,23,8,24,4,24,2,24,4,23,2,24,3,25,1,24,4,24,2,24,0,25,-4,26,1,26,11,23,23,-3]
CSI_DATA,282,11173,-49,128,[83,-80,4,0,-23,6,-18,15,-17,14,-11,19,-4,20,-8,19,-7,20,-4,21,3,20,-2,21,-3,20,-2,21,-5,22,-3,22,-8,22,-7,21,-8,21,-9,19,-11,18,-12,18,-14,16,-14,15,-16,13,-18,9,-18,9,0,0,0,0,0,0,0,0,0,0,0,0,0,0,0,0,0,0,0,0,0,0,3,16,3,16,2,18,1,19,-3,20,-7,20,-5,21,-7,19,-9,21,-11,22,-13,21,-13,21,-15,21,-18,17,-19,16,-17,16,-19,16,-19,17,-20,15,-18,17,-20,15,-21,14,-24,10,-21,15,-14,21,14,17]
CSI_DATA,283,11227,-50,128,[83,-80,4,0,21,-12,21,-10,7,-22,6,-23,7,-22,7,-22,7,-21,0,-24,-3,-23,-8,-24,-8,-23,-3,-24,-11,-22,-11,MOTION,12063,-54,1.02,0
-23,-8,-24,-4,-24,-9,-22,-8,-24,5,-21,-2,-23,0,-24,1,-23,2,-22,5,-21,6,-20,0,0,0,0,0,0,0,0,0,0,0,0,0,0,0,0,0,0,0,0,0,0,5,-16,8,-15,12,-12,10,-17,15,-12,13,-18,14,-16,8,-21,8,-21,13,-22,20,-16,22,-11,21,-15,21,-16,23,-5,15,-21,18,-19,18,-17,13,-22,18,-19,20,-15,16,-21,12,-23,20,-19,18,-20,16,-21]
CSI_DATA,284,11267,-49,128,[83,-80,4,0,-5,-13,-7,-7,-4,13,-3,14,-8,9,14,0,-7,11,-5,-3,13,-5,9,7,12,-7,12,-5,12,-5,6,-12,12,-5,11,-9,10,-9,9,-10,9,-11,8,-12,9,-9,10,-9,10,-6,10,-4,11,-7,0,0,0,0,0,0,0,0,0,0,0,0,0,0,0,0,0,0,0,0,0,0,-3,-11,-5,-11,-5,-11,-6,-11,-6,-12,-8,-12,-8,-13,-10,-12,-11,-12,-10,-12,-13,-9,-15,-9,-12,-13,-12,-13,-16,-8,-14,-11,-13,-12,-18,-3,-17,-5,-16,-9,-19,-2,2,-15,-12,-11,-17,-5,-16,-4,-13,-12]
CSI_DATA,285,11317,-46,128,[83,-80,4,0,-3,-8,-4,-4,-3,9,-3,9,-5,6,9,1,-5,8,-3,-1,10,-3,6,7,9,-4,9,-3,9,-2,6,-8,9,-3,9,-5,8,-5,7,-6,8,-7,7,-7,8,-5,8,-5,8,-3,8,-2,8,-3,0,0,0,0,0,0,0,0,0,0,0,0,0,0,0,0,0,0,0,0,0,0,-3,-8,-5,-8,-5,-8,-6,-8,-6,-8,-7,-8,-7,-8,-9,-8,-9,-8,-8,-8,-10,-6,-12,-6,-9,-8,-9,-9,-11,-5,-10,-7,-10,-8,-14,-2,-12,-3,-11,-6,-14,0,1,-11,-9,-7,-11,-3,-11,-2,-9,-9]
CSI_DATA,286,11326,-48,128,[83,-80,4,0,-1,23,5,22,10,20,19,7,20,0,14,14,18,9,20,4,20,6,20,5,21,3,19,9,21,6,22,7,22,7,20,10,20,10,20,10,20,8,17,12,15,14,17,13,15,14,13,15,13,15,0,0,0,0,0,0,0,0,0,0,0,0,0,0,0,0,0,0,0,0,0,0,-1,17,-2,18,-4,18,-5,19,-6,19,-5,20,-7,21,-7,21,-8,22,-10,23,-11,23,-11,24,-13,22,-14,21,-13,21,-15,22,-15,21,-15,21,-15,20,-16,20,-15,19,-18,17,-14,22,-18,18,-16,19,MOTION,12193,-52,1.07,0
-16,18]
CSI_DATA,287,11343,-49,128,[83,-80,4,0,6,-22,21,-1,18,-9,-8,-20,3,-22,-5,-20,-5,-21,-4,-21,-9,-19,-12,-19,-14,-18,-6,-22,-11,-20,-10,-20,-12,-20,-12,-20,-8,-20,-9,-20,-11,-20,-9,-21,-8,-21,-6,-20,-5,-20,-5,-20,-6,-21,0,0,0,0,0,0,0,0,0,0,0,0,0,0,0,0,0,0,0,0,0,0,15,-8,15,-7,17,-7,17,-8,19,-6,18,-9,19,-8,19,-8,22,-8,23,-7,22,-8,24,-8,24,-7,25,-4,24,-5,24,-8,25,-3,25,-5,24,-3,24,-6,23,-6,21,-12,15,-18,23,6,22,8,25,-3]
CSI_DATA,288,11403,-49,128,[83,-80,4,0,22,-2,8,20,12,14,21,-13,23,-1,19,-11,20,-9,19,-8,15,-12,16,-18,12,-20,18,-13,19,-18,14,-14,18,-18,15,-14,20,-14,17,-12,18,-14,18,-11,18,-11,16,-9,18,-11,17,-10,20,-11,0,0,0,0,0,0,0,0,0,0,0,0,0,0,0,0,0,0,0,0,0,0,12,10,13,13,10,11,15,14,10,14,16,15,13,16,12,16,13,18,11,16,16,18,16,19,15,19,14,20,14,23,15,16,13,25,12,20,13,24,13,22,12,19,19,16,20,8,4,24,0,23,11,25]
CSI_DATA,289,11431,-49,128,[83,-80,4,0,23,0,5,21,14,16,17,-14,21,-3,18,-11,18,-11,18,-9,15,-14,14,-18,10,-19,17,-13,14,-16,15,-16,14,-16,15,-16,15,-13,14,-13,14,-16,15,-14,16,-13,16,-12,16,-11,16,-11,16,-12,0,0,0,0,0,0,0,0,0,0,0,0,0,0,0,0,0,0,0,0,0,0,10,11,MOTION,12293,-52,1.11,0
